<?xml version="1.0" encoding="UTF-8"?>
<metadata xml:lang="en"><Esri><CreaDate>20220117</CreaDate><CreaTime>12084500</CreaTime><ArcGISFormat>1.0</ArcGISFormat><SyncOnce>FALSE</SyncOnce><DataProperties><lineage><Process ToolSource="c:\program files\arcgis\pro\Resources\ArcToolbox\toolboxes\Conversion Tools.tbx\FeatureClassToFeatureClass" Date="20201117" Time="004620">FeatureClassToFeatureClass CRTPO_2045MTP_FC_Points "X:\P\1030106000_CRTPO 2050 MTP\GIS\CRTPO 2050 MTP\CRTPO 2050 MTP_Candidate Projects.gdb\WorkingFiles" EplusC_Points_2045MTP # "ID_2045MTP "ID_2045MTP" true true false 255 Text 0 0,First,#,CRTPO_2045MTP_FC_Points,CRTPO_2045MTP_FC_Points.ID_2045MTP,0,255;Geometry "Geometry" true true false 254 Text 0 0,First,#,CRTPO_2045MTP_FC_Points,CRTPO_2045MTP_FC_Points.Geometry,0,254;Proj_Name "Proj_Name" true true false 254 Text 0 0,First,#,CRTPO_2045MTP_FC_Points,CRTPO_2045MTP_FC_Points.Proj_Name,0,254;Juris "Juris" true true false 254 Text 0 0,First,#,CRTPO_2045MTP_FC_Points,CRTPO_2045MTP_FC_Points.Juris,0,254;County "County" true true false 254 Text 0 0,First,#,CRTPO_2045MTP_FC_Points,CRTPO_2045MTP_FC_Points.County,0,254;Rte_No "Rte_No" true true false 254 Text 0 0,First,#,CRTPO_2045MTP_FC_Points,CRTPO_2045MTP_FC_Points.Rte_No,0,254;Imp_Type "Imp_Type" true true false 254 Text 0 0,First,#,CRTPO_2045MTP_FC_Points,CRTPO_2045MTP_FC_Points.Imp_Type,0,254;Bike_Prop "Bike_Prop" true true false 254 Text 0 0,First,#,CRTPO_2045MTP_FC_Points,CRTPO_2045MTP_FC_Points.Bike_Prop,0,254;Sw_Prop "Sw_Prop" true true false 254 Text 0 0,First,#,CRTPO_2045MTP_FC_Points,CRTPO_2045MTP_FC_Points.Sw_Prop,0,254;Proj_Desc "Proj_Desc" true true false 254 Text 0 0,First,#,CRTPO_2045MTP_FC_Points,CRTPO_2045MTP_FC_Points.Proj_Desc,0,254;Likes "Likes" true true false 4 Long 0 0,First,#,CRTPO_2045MTP_FC_Points,CRTPO_2045MTP_FC_Points.Likes,-1,-1;Label "Label" true true false 255 Text 0 0,First,#,CRTPO_2045MTP_FC_Points,CRTPO_2045MTP_FC_Points.Label,0,255;Sort "Sort" true true false 255 Text 0 0,First,#,CRTPO_2045MTP_FC_Points,CRTPO_2045MTP_FC_Points.Sort,0,255;YourName "Your Name" true true false 50 Text 0 0,First,#,CRTPO_2045MTP_FC_Points,CRTPO_2045MTP_FC_Points.YourName,0,50;YourEmail "Email" true true false 50 Text 0 0,First,#,CRTPO_2045MTP_FC_Points,CRTPO_2045MTP_FC_Points.YourEmail,0,50;YourZip "Zip Code (5 digits)" true true false 5 Text 0 0,First,#,CRTPO_2045MTP_FC_Points,CRTPO_2045MTP_FC_Points.YourZip,0,5;YourPhone "Phone No (10 digits)" true true false 10 Text 0 0,First,#,CRTPO_2045MTP_FC_Points,CRTPO_2045MTP_FC_Points.YourPhone,0,10;TIP "TIP No." true true false 255 Text 0 0,First,#,CRTPO_2045MTP_FC_Points,CRTPO_2045MTP_FC_Points.TIP,0,255;EplusC "Existing and Committed" true true false 255 Text 0 0,First,#,CRTPO_2045MTP_FC_Points,CRTPO_2045MTP_FC_Points.EplusC,0,255;Proj_Source "Project Source" true true false 255 Text 0 0,First,#,CRTPO_2045MTP_FC_Points,CRTPO_2045MTP_FC_Points.Proj_Source,0,255;Project_Name "Project_Name" true true false 8000 Text 0 0,First,#,CRTPO_2045MTP_FC_Points,FOR GIS JOIN -- Committed Roadway Project List E+C Checks for GIS_20201116.csv.Project_Name,0,8000;TIP_No "TIP_No" true true false 8000 Text 0 0,First,#,CRTPO_2045MTP_FC_Points,FOR GIS JOIN -- Committed Roadway Project List E+C Checks for GIS_20201116.csv.TIP_No,0,8000;From_To "From_To" true true false 8000 Text 0 0,First,#,CRTPO_2045MTP_FC_Points,FOR GIS JOIN -- Committed Roadway Project List E+C Checks for GIS_20201116.csv.From_To,0,8000;Committed "Committed" true true false 8000 Text 0 0,First,#,CRTPO_2045MTP_FC_Points,FOR GIS JOIN -- Committed Roadway Project List E+C Checks for GIS_20201116.csv.Committed,0,8000;New_Feature_Source "New_Feature_Source" true true false 8000 Text 0 0,First,#,CRTPO_2045MTP_FC_Points,FOR GIS JOIN -- Committed Roadway Project List E+C Checks for GIS_20201116.csv.New_Feature_Source,0,8000;Create_New "Create_New" true true false 8000 Text 0 0,First,#,CRTPO_2045MTP_FC_Points,FOR GIS JOIN -- Committed Roadway Project List E+C Checks for GIS_20201116.csv.Create_New,0,8000" #</Process><Process ToolSource="c:\program files\arcgis\pro\Resources\ArcToolbox\toolboxes\Data Management Tools.tbx\Merge" Date="20201117" Time="012001">Merge EplusC_Points_2045MTP;EplusC_Points_2020to29STIP2 "X:\P\1030106000_CRTPO 2050 MTP\GIS\CRTPO 2050 MTP\CRTPO 2050 MTP_Candidate Projects.gdb\WorkingFiles\EplusC_Points_STIPandMTP" "ID_2045MTP "ID_2045MTP" true true false 255 Text 0 0,First,#,EplusC_Points_2045MTP,ID_2045MTP,0,255;Geometry "Geometry" true true false 254 Text 0 0,First,#,EplusC_Points_2045MTP,Geometry,0,254;Proj_Name "Proj_Name" true true false 254 Text 0 0,First,#,EplusC_Points_2045MTP,Proj_Name,0,254,EplusC_Points_2020to29STIP2,Proj_Name,0,255;Juris "Juris" true true false 254 Text 0 0,First,#,EplusC_Points_2045MTP,Juris,0,254;County "County" true true false 254 Text 0 0,First,#,EplusC_Points_2045MTP,County,0,254,EplusC_Points_2020to29STIP2,County,0,255;Rte_No "Rte_No" true true false 254 Text 0 0,First,#,EplusC_Points_2045MTP,Rte_No,0,254,EplusC_Points_2020to29STIP2,Rte_No,0,255;Imp_Type "Imp_Type" true true false 254 Text 0 0,First,#,EplusC_Points_2045MTP,Imp_Type,0,254,EplusC_Points_2020to29STIP2,Imp_Type,0,255;Bike_Prop "Bike_Prop" true true false 254 Text 0 0,First,#,EplusC_Points_2045MTP,Bike_Prop,0,254;Sw_Prop "Sw_Prop" true true false 254 Text 0 0,First,#,EplusC_Points_2045MTP,Sw_Prop,0,254;Proj_Desc "Proj_Desc" true true false 254 Text 0 0,First,#,EplusC_Points_2045MTP,Proj_Desc,0,254,EplusC_Points_2020to29STIP2,Proj_Desc,0,255;Label "Label" true true false 255 Text 0 0,First,#,EplusC_Points_2045MTP,Label,0,255;Sort "Sort" true true false 255 Text 0 0,First,#,EplusC_Points_2045MTP,Sort,0,255;TIP "TIP No." true true false 255 Text 0 0,First,#,EplusC_Points_2045MTP,TIP,0,255,EplusC_Points_2020to29STIP2,TIP,0,10;EplusC "Existing and Committed" true true false 255 Text 0 0,First,#,EplusC_Points_2045MTP,EplusC,0,255,EplusC_Points_2020to29STIP2,EplusC,0,255;Proj_Source "Project Source" true true false 255 Text 0 0,First,#,EplusC_Points_2045MTP,Proj_Source,0,255,EplusC_Points_2020to29STIP2,Proj_Source,0,255;Project_Name "Project_Name" true true false 8000 Text 0 0,First,#,EplusC_Points_2045MTP,Project_Name,0,8000;TIP_No "TIP_No" true true false 8000 Text 0 0,First,#,EplusC_Points_2045MTP,TIP_No,0,8000,EplusC_Points_2020to29STIP2,TIP_No,0,8000;Committed "Committed" true true false 8000 Text 0 0,First,#,EplusC_Points_2045MTP,Committed,0,8000,EplusC_Points_2020to29STIP2,Committed,0,8000;New_Feature_Source "New_Feature_Source" true true false 8000 Text 0 0,First,#,EplusC_Points_2045MTP,New_Feature_Source,0,8000,EplusC_Points_2020to29STIP2,New_Feature_Source,0,8000;Create_New "Create_New" true true false 8000 Text 0 0,First,#,EplusC_Points_2045MTP,Create_New,0,8000,EplusC_Points_2020to29STIP2,Create_New,0,8000" NO_SOURCE_INFO</Process><Process ToolSource="c:\program files\arcgis\pro\Resources\ArcToolbox\toolboxes\Data Management Tools.tbx\CalculateField" Date="20201117" Time="012117">CalculateField EplusC_Points_STIPandMTP Geometry "Point" "Python 3" # Text</Process><Process ToolSource="c:\program files\arcgis\pro\Resources\ArcToolbox\toolboxes\Data Management Tools.tbx\CalculateField" Date="20201117" Time="012213">CalculateField EplusC_Points_STIPandMTP Bike_Prop "--" "Python 3" # Text</Process><Process ToolSource="c:\program files\arcgis\pro\Resources\ArcToolbox\toolboxes\Data Management Tools.tbx\CalculateField" Date="20201117" Time="012231">CalculateField EplusC_Points_STIPandMTP Sw_Prop "--" "Python 3" # Text</Process><Process ToolSource="c:\program files\arcgis\pro\Resources\ArcToolbox\toolboxes\Data Management Tools.tbx\DeleteField" Date="20201117" Time="012510">DeleteField EplusC_Points_STIPandMTP Project_Name</Process><Process ToolSource="c:\program files\arcgis\pro\Resources\ArcToolbox\toolboxes\Data Management Tools.tbx\DeleteField" Date="20201117" Time="012618">DeleteField EplusC_Points_STIPandMTP TIP_No</Process><Process ToolSource="c:\program files\arcgis\pro\Resources\ArcToolbox\toolboxes\Data Management Tools.tbx\UpdateSchema" Date="20201117" Time="012707">UpdateSchema "CIMDATA=&lt;CIMFeatureDatasetDataConnection xsi:type='typens:CIMFeatureDatasetDataConnection' xmlns:xsi='http://www.w3.org/2001/XMLSchema-instance' xmlns:xs='http://www.w3.org/2001/XMLSchema' xmlns:typens='http://www.esri.com/schemas/ArcGIS/2.6.0'&gt;&lt;FeatureDataset&gt;WorkingFiles&lt;/FeatureDataset&gt;&lt;WorkspaceConnectionString&gt;DATABASE=X:\P\1030106000_CRTPO 2050 MTP\GIS\CRTPO 2050 MTP\CRTPO 2050 MTP_Candidate Projects.gdb&lt;/WorkspaceConnectionString&gt;&lt;WorkspaceFactory&gt;FileGDB&lt;/WorkspaceFactory&gt;&lt;Dataset&gt;EplusC_Points_STIPandMTP&lt;/Dataset&gt;&lt;DatasetType&gt;esriDTFeatureClass&lt;/DatasetType&gt;&lt;/CIMFeatureDatasetDataConnection&gt;" &lt;operationSequence&gt;&lt;workflow&gt;&lt;DeleteField&gt;&lt;field_name&gt;Committed&lt;/field_name&gt;&lt;field_name&gt;New_Feature_Source&lt;/field_name&gt;&lt;field_name&gt;Create_New&lt;/field_name&gt;&lt;/DeleteField&gt;&lt;/workflow&gt;&lt;/operationSequence&gt;</Process><Process ToolSource="c:\program files\arcgis\pro\Resources\ArcToolbox\toolboxes\Data Management Tools.tbx\CalculateField" Date="20201117" Time="013519">CalculateField EplusC_Points_STIPandMTP Label "!Proj_Name! + " [TIP No. " + !TIP! + "] - " + !Juris!" "Python 3" # Text</Process><Process ToolSource="c:\program files\arcgis\pro\Resources\ArcToolbox\toolboxes\Data Management Tools.tbx\CalculateField" Date="20201117" Time="013644">CalculateField EplusC_Points_STIPandMTP Sort !Juris!+"-"+!Proj_Name!+"-"+!TIP! "Python 3" # Text</Process><Process ToolSource="c:\program files\arcgis\pro\Resources\ArcToolbox\toolboxes\Conversion Tools.tbx\FeatureClassToFeatureClass" Date="20201117" Time="014212">FeatureClassToFeatureClass EplusC_Points_STIPandMTP "X:\P\1030106000_CRTPO 2050 MTP\GIS\CRTPO 2050 MTP\CRTPO 2050 MTP_Candidate Projects.gdb" CRTPO2050MTP_IntcIntsc_EC # "ID_2045MTP "2045 MTP ID" true true false 255 Text 0 0,First,#,EplusC_Points_STIPandMTP,ID_2045MTP,0,255;Geometry "Geometry" true true false 254 Text 0 0,First,#,EplusC_Points_STIPandMTP,Geometry,0,254;Proj_Name "Project Name" true true false 254 Text 0 0,First,#,EplusC_Points_STIPandMTP,Proj_Name,0,254;Juris "Jurisdiction" true true false 254 Text 0 0,First,#,EplusC_Points_STIPandMTP,Juris,0,254;County "County" true true false 254 Text 0 0,First,#,EplusC_Points_STIPandMTP,County,0,254;Rte_No "Route No" true true false 254 Text 0 0,First,#,EplusC_Points_STIPandMTP,Rte_No,0,254;Imp_Type "Improvement Type" true true false 254 Text 0 0,First,#,EplusC_Points_STIPandMTP,Imp_Type,0,254;Bike_Prop "Proposed Bicycle Accommodations" true true false 254 Text 0 0,First,#,EplusC_Points_STIPandMTP,Bike_Prop,0,254;Sw_Prop "Proposed Sidewalk Accommodations" true true false 254 Text 0 0,First,#,EplusC_Points_STIPandMTP,Sw_Prop,0,254;Proj_Desc "Project Description" true true false 254 Text 0 0,First,#,EplusC_Points_STIPandMTP,Proj_Desc,0,254;Label "Label" true true false 255 Text 0 0,First,#,EplusC_Points_STIPandMTP,Label,0,255;Sort "Sort" true true false 255 Text 0 0,First,#,EplusC_Points_STIPandMTP,Sort,0,255;TIP "TIP No." true true false 255 Text 0 0,First,#,EplusC_Points_STIPandMTP,TIP,0,255;EplusC "Existing and Committed" true true false 255 Text 0 0,First,#,EplusC_Points_STIPandMTP,EplusC,0,255;Proj_Source "Project Source" true true false 255 Text 0 0,First,#,EplusC_Points_STIPandMTP,Proj_Source,0,255" #</Process><Process ToolSource="c:\program files\arcgis\pro\Resources\ArcToolbox\toolboxes\Data Management Tools.tbx\CalculateField" Date="20210106" Time="072142">CalculateField "Candidate Project Submissions\Committed Interchange &amp; Intersection Projects" Label "!Proj_Name! + " [TIP No " + !TIP! + "] - " + !Juris!" "Python 3" # Text</Process><Process ToolSource="c:\program files\arcgis\pro\Resources\ArcToolbox\Toolboxes\Data Management Tools.tbx\Rename" Date="20210302" Time="135934">Rename "X:\P\1030106000_CRTPO 2050 MTP\GIS\ArcView Files\Candidate Projects\CRTPO 2050 MTP_Candidate Projects.gdb\CRTPO2050MTP_IntcIntsc_EC" "X:\P\1030106000_CRTPO 2050 MTP\GIS\ArcView Files\Candidate Projects\CRTPO 2050 MTP_Candidate Projects.gdb\CRTPO2050MTP_IntcIntsc_CommittedProjects" FeatureClass</Process><Process ToolSource="c:\program files\arcgis\pro\Resources\ArcToolbox\Toolboxes\Data Management Tools.tbx\Rename" Date="20210302" Time="140216">Rename "X:\P\1030106000_CRTPO 2050 MTP\GIS\ArcView Files\Candidate Projects\CRTPO 2050 MTP_Candidate Projects.gdb\CRTPO2050MTP_IntcIntsc_CommittedProjects" "X:\P\1030106000_CRTPO 2050 MTP\GIS\ArcView Files\Candidate Projects\CRTPO 2050 MTP_Candidate Projects.gdb\CRTPO2050MTP_IntcIntsc_CommittedProjects_20210301" FeatureClass</Process><Process ToolSource="c:\program files\arcgis\pro\Resources\ArcToolbox\toolboxes\Data Management Tools.tbx\CalculateField" Date="20210302" Time="140736">CalculateField "Submitted Candidate Projects\CRTPO2050MTP_IntcIntsc_CommittedProjects" Imp_Type "Improve Existing Interchange/Intersection" "Python 3" # Text</Process><Process ToolSource="c:\program files\arcgis\pro\Resources\ArcToolbox\toolboxes\Data Management Tools.tbx\Rename" Date="20210304" Time="100525">Rename "X:\P\1030106000_CRTPO 2050 MTP\GIS\ArcView Files\Candidate Projects\CRTPO 2050 MTP_Candidate Projects.gdb\CRTPO2050MTP_IntcIntsc_CommittedProjects_20210301" "X:\P\1030106000_CRTPO 2050 MTP\GIS\ArcView Files\Candidate Projects\CRTPO 2050 MTP_Candidate Projects.gdb\CRTPO2050MTP_CommittedProjects_IntcIntsc_20210301" FeatureClass</Process><Process ToolSource="c:\program files\arcgis\pro\Resources\ArcToolbox\Toolboxes\Data Management Tools.tbx\CopyMultiple" Date="20210601" Time="112940">CopyMultiple "'X:\P\1030106000_CRTPO 2050 MTP\GIS\ArcView Files\Candidate Projects\CRTPO 2050 MTP_Candidate Projects.gdb\CRTPO2050MTP_CommittedProjects_IntcIntsc_20210301' FeatureClass;'X:\P\1030106000_CRTPO 2050 MTP\GIS\ArcView Files\Candidate Projects\CRTPO 2050 MTP_Candidate Projects.gdb\CRTPO2050MTP_CommittedProjects_WidenNewLoc_20210305' FeatureClass" "X:\P\1030106000_CRTPO 2050 MTP\GIS\ArcView Files\Candidate Projects\CRTPO 2050 MTP_Candidate Projects.gdb" CRTPO2050MTP_CommittedProjects_IntcIntsc_20210301_1;CRTPO2050MTP_CommittedProjects_WidenNewLoc_20210305_1 "CRTPO2050MTP_CommittedProjects_IntcIntsc_20210301 FeatureClass CRTPO2050MTP_CommittedProjects_IntcIntsc_20210301_1 #;CRTPO2050MTP_CommittedProjects_WidenNewLoc_20210305 FeatureClass CRTPO2050MTP_CommittedProjects_WidenNewLoc_20210305_1 #"</Process><Process ToolSource="c:\program files\arcgis\pro\Resources\ArcToolbox\Toolboxes\Data Management Tools.tbx\Rename" Date="20210601" Time="123312">Rename "X:\P\1030106000_CRTPO 2050 MTP\GIS\ArcView Files\Candidate Projects\CRTPO 2050 MTP_Candidate Projects.gdb\CRTPO2050MTP_CommittedProjects_IntcIntsc_20210301_1" "X:\P\1030106000_CRTPO 2050 MTP\GIS\ArcView Files\Candidate Projects\CRTPO 2050 MTP_Candidate Projects.gdb\CRTPO2050MTP_CommittedProjects_IntcIntsc_20210601" FeatureClass</Process><Process ToolSource="c:\program files\arcgis\pro\Resources\ArcToolbox\Toolboxes\Data Management Tools.tbx\UpdateSchema" Date="20210601" Time="152607">UpdateSchema "CIMDATA=&lt;CIMStandardDataConnection xsi:type='typens:CIMStandardDataConnection' xmlns:xsi='http://www.w3.org/2001/XMLSchema-instance' xmlns:xs='http://www.w3.org/2001/XMLSchema' xmlns:typens='http://www.esri.com/schemas/ArcGIS/2.8.0'&gt;&lt;WorkspaceConnectionString&gt;DATABASE=X:\P\1030106000_CRTPO 2050 MTP\GIS\ArcView Files\Candidate Projects\CRTPO 2050 MTP_Candidate Projects.gdb&lt;/WorkspaceConnectionString&gt;&lt;WorkspaceFactory&gt;FileGDB&lt;/WorkspaceFactory&gt;&lt;Dataset&gt;CRTPO2050MTP_CommittedProjects_IntcIntsc_20210601&lt;/Dataset&gt;&lt;DatasetType&gt;esriDTFeatureClass&lt;/DatasetType&gt;&lt;/CIMStandardDataConnection&gt;" "&lt;operationSequence&gt;&lt;workflow&gt;&lt;AddField&gt;&lt;field_name&gt;TIP_REV&lt;/field_name&gt;&lt;field_type&gt;TEXT&lt;/field_type&gt;&lt;field_length&gt;255&lt;/field_length&gt;&lt;field_alias&gt;TIP Revised&lt;/field_alias&gt;&lt;field_is_nullable&gt;True&lt;/field_is_nullable&gt;&lt;field_is_required&gt;False&lt;/field_is_required&gt;&lt;/AddField&gt;&lt;/workflow&gt;&lt;workflow&gt;&lt;AddField&gt;&lt;field_name&gt;Notes_REV&lt;/field_name&gt;&lt;field_type&gt;TEXT&lt;/field_type&gt;&lt;field_length&gt;255&lt;/field_length&gt;&lt;field_alias&gt;20210601 REV Notes FT&lt;/field_alias&gt;&lt;field_is_nullable&gt;True&lt;/field_is_nullable&gt;&lt;field_is_required&gt;False&lt;/field_is_required&gt;&lt;/AddField&gt;&lt;/workflow&gt;&lt;workflow&gt;&lt;AddField&gt;&lt;field_name&gt;KeepRemoveREV&lt;/field_name&gt;&lt;field_type&gt;TEXT&lt;/field_type&gt;&lt;field_length&gt;255&lt;/field_length&gt;&lt;field_alias&gt;Keep or Remove?&lt;/field_alias&gt;&lt;field_is_nullable&gt;True&lt;/field_is_nullable&gt;&lt;field_is_required&gt;False&lt;/field_is_required&gt;&lt;/AddField&gt;&lt;/workflow&gt;&lt;/operationSequence&gt;"</Process><Process ToolSource="c:\program files\arcgis\pro\Resources\ArcToolbox\toolboxes\Data Management Tools.tbx\CalculateField" Date="20210601" Time="220359">CalculateField "Committed Roadway Projects\CRTPO2050MTP_CommittedProjects_IntcIntsc_20210601" TIP_REV !TIP! "Python 3" # Text NO_ENFORCE_DOMAINS</Process><Process ToolSource="c:\program files\arcgis\pro\Resources\ArcToolbox\toolboxes\Data Management Tools.tbx\AddXY" Date="20210602" Time="091537">AddXY "Committed Roadway Projects\CRTPO2050MTP_CommittedProjects_IntcIntsc_20210601"</Process><Process ToolSource="c:\program files\arcgis\pro\Resources\ArcToolbox\toolboxes\Data Management Tools.tbx\UpdateSchema" Date="20210602" Time="102610">UpdateSchema "CIMDATA=&lt;CIMStandardDataConnection xsi:type='typens:CIMStandardDataConnection' xmlns:xsi='http://www.w3.org/2001/XMLSchema-instance' xmlns:xs='http://www.w3.org/2001/XMLSchema' xmlns:typens='http://www.esri.com/schemas/ArcGIS/2.8.0'&gt;&lt;WorkspaceConnectionString&gt;DATABASE=X:\P\1030106000_CRTPO 2050 MTP\GIS\ArcView Files\Candidate Projects\CRTPO 2050 MTP_Candidate Projects.gdb&lt;/WorkspaceConnectionString&gt;&lt;WorkspaceFactory&gt;FileGDB&lt;/WorkspaceFactory&gt;&lt;Dataset&gt;CRTPO2050MTP_CommittedProjects_IntcIntsc_20210601&lt;/Dataset&gt;&lt;DatasetType&gt;esriDTFeatureClass&lt;/DatasetType&gt;&lt;/CIMStandardDataConnection&gt;" "&lt;operationSequence&gt;&lt;workflow&gt;&lt;AddField&gt;&lt;field_name&gt;ID_2050MTP&lt;/field_name&gt;&lt;field_type&gt;TEXT&lt;/field_type&gt;&lt;field_length&gt;255&lt;/field_length&gt;&lt;field_alias&gt;2050 MTP ID&lt;/field_alias&gt;&lt;field_is_nullable&gt;True&lt;/field_is_nullable&gt;&lt;field_is_required&gt;False&lt;/field_is_required&gt;&lt;/AddField&gt;&lt;/workflow&gt;&lt;/operationSequence&gt;"</Process><Process ToolSource="c:\program files\arcgis\pro\Resources\ArcToolbox\toolboxes\Data Management Tools.tbx\DeleteField" Date="20210602" Time="132937">DeleteField "Committed Roadway Projects\CRTPO2050MTP_CommittedProjects_IntcIntsc_20210601" Notes_REV;ID_2045MTP;County;EplusC;Geometry;Imp_Type;Juris;KeepRemoveREV;Label;POINT_X;POINT_Y;Proj_Desc;Proj_Name;Proj_Source;Bike_Prop;Sw_Prop;Rte_No;Sort;TIP;TIP_REV</Process><Process ToolSource="c:\program files\arcgis\pro\Resources\ArcToolbox\toolboxes\Data Management Tools.tbx\JoinField" Date="20210602" Time="140117">JoinField "Committed Roadway Projects\CRTPO2050MTP_CommittedProjects_IntcIntsc_20210601" ID_2050MTP Tempforgis.csv "2050 ID" '2050 MTP Final Status';'2050 MTP Tier I - Accessibility Score';'2050 MTP Tier I - Congestion Score';'2050 MTP Tier I - Safety Score';'2050 MTP Tier I - Status';'2050 MTP Tier I - Status2';'2050 MTP Tier I - Total Score';'2050 MTP Total Score';County;'End of Project';'Existing Lanes';'ID Combined';'Improvement Type';Jurisdiction;'Other Funds in 2022 Dollars';'Project Cost to NCDOT in 2022 Dollars';'Project Description';'Project Length (miles)';'Project Name';'Proposed Lanes';'Route No';'Start of Project';'STI Category';'Tier II BC Score';'Tier II Comm Resources Score';'Tier II EJ Score';'Tier II Eq Access Score';'Tier II Hist Resources Score';'Tier II Nat Resources Score';'Tier II Sys Connect Score';'Tier II Total Score';'TIP No';'Total Project Cost in 2022 Dollars'</Process><Process ToolSource="c:\program files\arcgis\pro\Resources\ArcToolbox\toolboxes\Data Management Tools.tbx\UpdateSchema" Date="20210602" Time="220222">UpdateSchema "CIMDATA=&lt;CIMStandardDataConnection xsi:type='typens:CIMStandardDataConnection' xmlns:xsi='http://www.w3.org/2001/XMLSchema-instance' xmlns:xs='http://www.w3.org/2001/XMLSchema' xmlns:typens='http://www.esri.com/schemas/ArcGIS/2.8.0'&gt;&lt;WorkspaceConnectionString&gt;DATABASE=X:\P\1030106000_CRTPO 2050 MTP\GIS\ArcView Files\Candidate Projects\CRTPO 2050 MTP_Candidate Projects.gdb&lt;/WorkspaceConnectionString&gt;&lt;WorkspaceFactory&gt;FileGDB&lt;/WorkspaceFactory&gt;&lt;Dataset&gt;CRTPO2050MTP_CommittedProjects_IntcIntsc_20210601&lt;/Dataset&gt;&lt;DatasetType&gt;esriDTFeatureClass&lt;/DatasetType&gt;&lt;/CIMStandardDataConnection&gt;" &lt;operationSequence&gt;&lt;workflow&gt;&lt;AddField&gt;&lt;field_name&gt;F2050_MTP_Final_Status_Filter&lt;/field_name&gt;&lt;field_type&gt;TEXT&lt;/field_type&gt;&lt;field_length&gt;255&lt;/field_length&gt;&lt;field_alias&gt;F2050_MTP_Final_Status_Filter&lt;/field_alias&gt;&lt;field_is_nullable&gt;True&lt;/field_is_nullable&gt;&lt;field_is_required&gt;False&lt;/field_is_required&gt;&lt;/AddField&gt;&lt;/workflow&gt;&lt;/operationSequence&gt;</Process><Process ToolSource="c:\program files\arcgis\pro\Resources\ArcToolbox\toolboxes\Data Management Tools.tbx\CalculateField" Date="20210602" Time="220250">CalculateField "Committed Roadway Projects\CRTPO2050MTP_CommittedProjects_IntcIntsc_20210601" F2050_MTP_Final_Status_Filter "Committed" "Python 3" # Text NO_ENFORCE_DOMAINS</Process><Process ToolSource="c:\program files\arcgis\pro\Resources\ArcToolbox\toolboxes\Data Management Tools.tbx\CalculateField" Date="20210603" Time="092303">CalculateField "Committed Roadway Projects\CRTPO2050MTP_CommittedProjects_IntcIntsc_20210601" F2050_MTP_Final_Status_Filter "FC" "Python 3" # Text NO_ENFORCE_DOMAINS</Process><Process ToolSource="c:\program files\arcgis\pro\Resources\ArcToolbox\toolboxes\Conversion Tools.tbx\FeatureClassToFeatureClass" Date="20220114" Time="101829">FeatureClassToFeatureClass CRTPO2050MTP_CommittedProjects_IntcIntsc_20210601 "X:\P\1030106000_CRTPO 2050 MTP\GIS\ArcView Files\CRTPO 2050 MTP Projects.gdb" committedpoints # "ID_2050MTP "2050 MTP ID" true true false 255 Text 0 0,First,#,CRTPO2050MTP_CommittedProjects_IntcIntsc_20210601,ID_2050MTP,0,255" #</Process><Process ToolSource="c:\program files\arcgis\pro\Resources\ArcToolbox\toolboxes\Data Management Tools.tbx\Merge" Date="20220114" Time="103000">Merge committedpoints;candidatepoints "X:\P\1030106000_CRTPO 2050 MTP\GIS\ArcView Files\CRTPO 2050 MTP Projects.gdb\CRTPO_2050_MTP_All_IntersectionInterchange_Projects" "F2050_ID "2050 ID" true true false 255 Text 0 0,First,#,candidatepoints,F2050_ID,0,255,committedpoints,ID_2050MTP,0,255" NO_SOURCE_INFO</Process><Process ToolSource="c:\program files\arcgis\pro\Resources\ArcToolbox\toolboxes\Data Management Tools.tbx\JoinField" Date="20220117" Time="094847">JoinField CRTPO_2050_MTP_All_IntersectionInterchange_Projects F2050_ID 'CRTPO 2050 MTP Master GIS Table$' F2050_ID F2045_MTP_ID_Reference;F2050_MTP_Final_Status;F2050_MTP_Submission_Source;F2050_MTP_Submitting_Jurisdicti;County;End_of_Project;Exempt;Exempt_Note;Existing_Lanes;Functional_Class;Funding_Note;Future_Dollars_Year;Horizon_Year;Improvement_Type;Jurisdiction;Other_Funds_in_2022_Dollars;Project_Cost_to_NCDOT_in_2022_D;Project_Description;Project_Length__miles_;Project_Name;Proposed_Lanes;Regional_Significance;Route_No;Start_of_Project;STI_Category;Tier_I___Tier_II_Total_Score;Tier_I_Accessibility_Score;Tier_I_Congestion_Score;Tier_I_Safety_Score;Tier_I_Status;Tier_I_Status___Improvement_Typ;Tier_I_Total_Score;Tier_II_Benefit_Cost_Score;Tier_II_Community_Resource_Scor;Tier_II_EJ_Score;Tier_II_Equitable_Access_Score;Tier_II_Historic_Resource;Tier_II_Natural_Resource_Score;Tier_II_System_Connectivity_Sco;Tier_II_Total_Score;TIP_No;Total_Project_Cost_in_2022_Doll;Total_Project_Cost_in_Future_HY;Total_Project_Cost_in_Future__1</Process><Process ToolSource="c:\program files\arcgis\pro\Resources\ArcToolbox\toolboxes\Conversion Tools.tbx\FeatureClassToFeatureClass" Date="20220117" Time="095741">FeatureClassToFeatureClass CRTPO_2050_MTP_All_IntersectionInterchange_Projects "X:\P\1030106000_CRTPO 2050 MTP\GIS\ArcView Files\CRTPO 2050 MTP Projects.gdb" CRTPO_2050_MTP_FC_IntersectionInterchange_Projects # "F2050_ID "2050 ID" true true false 255 Text 0 0,First,#,CRTPO_2050_MTP_All_IntersectionInterchange_Projects,F2050_ID,0,255;F2045_MTP_ID_Reference "2045 MTP ID Reference" true true false 255 Text 0 0,First,#,CRTPO_2050_MTP_All_IntersectionInterchange_Projects,F2045_MTP_ID_Reference,0,255;F2050_MTP_Submission_Source "2050 MTP Submission Source" true true false 255 Text 0 0,First,#,CRTPO_2050_MTP_All_IntersectionInterchange_Projects,F2050_MTP_Submission_Source,0,255;F2050_MTP_Submitting_Jurisdicti "2050 MTP Submitting Jurisdiction" true true false 255 Text 0 0,First,#,CRTPO_2050_MTP_All_IntersectionInterchange_Projects,F2050_MTP_Submitting_Jurisdicti,0,255;TIP_No "TIP No" true true false 255 Text 0 0,First,#,CRTPO_2050_MTP_All_IntersectionInterchange_Projects,TIP_No,0,255;Project_Name "Project Name" true true false 255 Text 0 0,First,#,CRTPO_2050_MTP_All_IntersectionInterchange_Projects,Project_Name,0,255;Jurisdiction "Jurisdiction" true true false 255 Text 0 0,First,#,CRTPO_2050_MTP_All_IntersectionInterchange_Projects,Jurisdiction,0,255;County "County" true true false 255 Text 0 0,First,#,CRTPO_2050_MTP_All_IntersectionInterchange_Projects,County,0,255;STI_Category "STI Category" true true false 255 Text 0 0,First,#,CRTPO_2050_MTP_All_IntersectionInterchange_Projects,STI_Category,0,255;Route_No "Route No" true true false 255 Text 0 0,First,#,CRTPO_2050_MTP_All_IntersectionInterchange_Projects,Route_No,0,255;Start_of_Project "Start of Project" true true false 255 Text 0 0,First,#,CRTPO_2050_MTP_All_IntersectionInterchange_Projects,Start_of_Project,0,255;End_of_Project "End of Project" true true false 255 Text 0 0,First,#,CRTPO_2050_MTP_All_IntersectionInterchange_Projects,End_of_Project,0,255;Project_Length__miles_ "Project Length (miles)" true true false 255 Text 0 0,First,#,CRTPO_2050_MTP_All_IntersectionInterchange_Projects,Project_Length__miles_,0,255;Improvement_Type "Improvement Type" true true false 255 Text 0 0,First,#,CRTPO_2050_MTP_All_IntersectionInterchange_Projects,Improvement_Type,0,255;Existing_Lanes "Existing Lanes" true true false 255 Text 0 0,First,#,CRTPO_2050_MTP_All_IntersectionInterchange_Projects,Existing_Lanes,0,255;Proposed_Lanes "Proposed Lanes" true true false 255 Text 0 0,First,#,CRTPO_2050_MTP_All_IntersectionInterchange_Projects,Proposed_Lanes,0,255;Project_Description "Project Description" true true false 255 Text 0 0,First,#,CRTPO_2050_MTP_All_IntersectionInterchange_Projects,Project_Description,0,255;Regional_Significance "Regional Significance" true true false 255 Text 0 0,First,#,CRTPO_2050_MTP_All_IntersectionInterchange_Projects,Regional_Significance,0,255;Exempt "Exempt" true true false 255 Text 0 0,First,#,CRTPO_2050_MTP_All_IntersectionInterchange_Projects,Exempt,0,255;Exempt_Note "Exempt Note" true true false 255 Text 0 0,First,#,CRTPO_2050_MTP_All_IntersectionInterchange_Projects,Exempt_Note,0,255;Functional_Class "Functional Class" true true false 255 Text 0 0,First,#,CRTPO_2050_MTP_All_IntersectionInterchange_Projects,Functional_Class,0,255;Tier_I_Congestion_Score "Tier I Congestion Score" true true false 255 Text 0 0,First,#,CRTPO_2050_MTP_All_IntersectionInterchange_Projects,Tier_I_Congestion_Score,0,255;Tier_I_Safety_Score "Tier I Safety Score" true true false 255 Text 0 0,First,#,CRTPO_2050_MTP_All_IntersectionInterchange_Projects,Tier_I_Safety_Score,0,255;Tier_I_Accessibility_Score "Tier I Accessibility Score" true true false 255 Text 0 0,First,#,CRTPO_2050_MTP_All_IntersectionInterchange_Projects,Tier_I_Accessibility_Score,0,255;Tier_I_Total_Score "Tier I Total Score" true true false 255 Text 0 0,First,#,CRTPO_2050_MTP_All_IntersectionInterchange_Projects,Tier_I_Total_Score,0,255;Tier_I_Status "Tier I Status" true true false 255 Text 0 0,First,#,CRTPO_2050_MTP_All_IntersectionInterchange_Projects,Tier_I_Status,0,255;Tier_I_Status___Improvement_Typ "Tier I Status + Improvement Type" true true false 255 Text 0 0,First,#,CRTPO_2050_MTP_All_IntersectionInterchange_Projects,Tier_I_Status___Improvement_Typ,0,255;Tier_II_EJ_Score "Tier II EJ Score" true true false 255 Text 0 0,First,#,CRTPO_2050_MTP_All_IntersectionInterchange_Projects,Tier_II_EJ_Score,0,255;Tier_II_Equitable_Access_Score "Tier II Equitable Access Score" true true false 255 Text 0 0,First,#,CRTPO_2050_MTP_All_IntersectionInterchange_Projects,Tier_II_Equitable_Access_Score,0,255;Tier_II_Natural_Resource_Score "Tier II Natural Resource Score" true true false 255 Text 0 0,First,#,CRTPO_2050_MTP_All_IntersectionInterchange_Projects,Tier_II_Natural_Resource_Score,0,255;Tier_II_Historic_Resource "Tier II Historic Resource" true true false 255 Text 0 0,First,#,CRTPO_2050_MTP_All_IntersectionInterchange_Projects,Tier_II_Historic_Resource,0,255;Tier_II_Community_Resource_Scor "Tier II Community Resource Score" true true false 255 Text 0 0,First,#,CRTPO_2050_MTP_All_IntersectionInterchange_Projects,Tier_II_Community_Resource_Scor,0,255;Tier_II_System_Connectivity_Sco "Tier II System Connectivity Score" true true false 255 Text 0 0,First,#,CRTPO_2050_MTP_All_IntersectionInterchange_Projects,Tier_II_System_Connectivity_Sco,0,255;Tier_II_Benefit_Cost_Score "Tier II Benefit Cost Score" true true false 255 Text 0 0,First,#,CRTPO_2050_MTP_All_IntersectionInterchange_Projects,Tier_II_Benefit_Cost_Score,0,255;Tier_II_Total_Score "Tier II Total Score" true true false 255 Text 0 0,First,#,CRTPO_2050_MTP_All_IntersectionInterchange_Projects,Tier_II_Total_Score,0,255;Tier_I___Tier_II_Total_Score "Tier I + Tier II Total Score" true true false 255 Text 0 0,First,#,CRTPO_2050_MTP_All_IntersectionInterchange_Projects,Tier_I___Tier_II_Total_Score,0,255;Project_Cost_to_NCDOT_in_2022_D "Project Cost to NCDOT in 2022 Dollars" true true false 8 Double 0 0,First,#,CRTPO_2050_MTP_All_IntersectionInterchange_Projects,Project_Cost_to_NCDOT_in_2022_D,-1,-1;Other_Funds_in_2022_Dollars "Other Funds in 2022 Dollars" true true false 8 Double 0 0,First,#,CRTPO_2050_MTP_All_IntersectionInterchange_Projects,Other_Funds_in_2022_Dollars,-1,-1;Total_Project_Cost_in_2022_Doll "Total Project Cost in 2022 Dollars" true true false 8 Double 0 0,First,#,CRTPO_2050_MTP_All_IntersectionInterchange_Projects,Total_Project_Cost_in_2022_Doll,-1,-1;Total_Project_Cost_in_Future_HY "Total Project Cost in Future HY Dollars" true true false 8 Double 0 0,First,#,CRTPO_2050_MTP_All_IntersectionInterchange_Projects,Total_Project_Cost_in_Future_HY,-1,-1;Total_Project_Cost_in_Future__1 "Total Project Cost in Future HY Dollars, $M" true true false 255 Text 0 0,First,#,CRTPO_2050_MTP_All_IntersectionInterchange_Projects,Total_Project_Cost_in_Future__1,0,255;Future_Dollars_Year "Future Dollars Year" true true false 255 Text 0 0,First,#,CRTPO_2050_MTP_All_IntersectionInterchange_Projects,Future_Dollars_Year,0,255;Funding_Note "Funding Note" true true false 255 Text 0 0,First,#,CRTPO_2050_MTP_All_IntersectionInterchange_Projects,Funding_Note,0,255;F2050_MTP_Final_Status "2050 MTP Final Status" true true false 255 Text 0 0,First,#,CRTPO_2050_MTP_All_IntersectionInterchange_Projects,F2050_MTP_Final_Status,0,255;Horizon_Year "Horizon Year" true true false 255 Text 0 0,First,#,CRTPO_2050_MTP_All_IntersectionInterchange_Projects,Horizon_Year,0,255" #</Process></lineage><itemProps><itemName Sync="TRUE">CRTPO_2050_MTP_FC_IntersectionInterchange_Projects</itemName><imsContentType Sync="TRUE">002</imsContentType><itemLocation><linkage Sync="TRUE">file://\\rsandh.com\files\Transportation\P\1030106000_CRTPO 2050 MTP\GIS\ArcView Files\CRTPO 2050 MTP Projects.gdb</linkage><protocol Sync="TRUE">Local Area Network</protocol></itemLocation></itemProps><coordRef><type Sync="TRUE">Projected</type><geogcsn Sync="TRUE">GCS_NAD_1983_2011</geogcsn><csUnits Sync="TRUE">Linear Unit: Foot_US (0.304801)</csUnits><projcsn Sync="TRUE">NAD_1983_2011_StatePlane_North_Carolina_FIPS_3200_Ft_US</projcsn><peXml Sync="TRUE">&lt;ProjectedCoordinateSystem xsi:type='typens:ProjectedCoordinateSystem' xmlns:xsi='http://www.w3.org/2001/XMLSchema-instance' xmlns:xs='http://www.w3.org/2001/XMLSchema' xmlns:typens='http://www.esri.com/schemas/ArcGIS/2.9.0'&gt;&lt;WKT&gt;PROJCS[&amp;quot;NAD_1983_2011_StatePlane_North_Carolina_FIPS_3200_Ft_US&amp;quot;,GEOGCS[&amp;quot;GCS_NAD_1983_2011&amp;quot;,DATUM[&amp;quot;D_NAD_1983_2011&amp;quot;,SPHEROID[&amp;quot;GRS_1980&amp;quot;,6378137.0,298.257222101]],PRIMEM[&amp;quot;Greenwich&amp;quot;,0.0],UNIT[&amp;quot;Degree&amp;quot;,0.0174532925199433]],PROJECTION[&amp;quot;Lambert_Conformal_Conic&amp;quot;],PARAMETER[&amp;quot;False_Easting&amp;quot;,2000000.0],PARAMETER[&amp;quot;False_Northing&amp;quot;,0.0],PARAMETER[&amp;quot;Central_Meridian&amp;quot;,-79.0],PARAMETER[&amp;quot;Standard_Parallel_1&amp;quot;,34.33333333333334],PARAMETER[&amp;quot;Standard_Parallel_2&amp;quot;,36.16666666666666],PARAMETER[&amp;quot;Latitude_Of_Origin&amp;quot;,33.75],UNIT[&amp;quot;Foot_US&amp;quot;,0.3048006096012192],AUTHORITY[&amp;quot;EPSG&amp;quot;,6543]]&lt;/WKT&gt;&lt;XOrigin&gt;-121841900&lt;/XOrigin&gt;&lt;YOrigin&gt;-93659000&lt;/YOrigin&gt;&lt;XYScale&gt;3048.0065005709289&lt;/XYScale&gt;&lt;ZOrigin&gt;-100000&lt;/ZOrigin&gt;&lt;ZScale&gt;10000&lt;/ZScale&gt;&lt;MOrigin&gt;-100000&lt;/MOrigin&gt;&lt;MScale&gt;10000&lt;/MScale&gt;&lt;XYTolerance&gt;0.00328083336353302&lt;/XYTolerance&gt;&lt;ZTolerance&gt;0.001&lt;/ZTolerance&gt;&lt;MTolerance&gt;0.001&lt;/MTolerance&gt;&lt;HighPrecision&gt;true&lt;/HighPrecision&gt;&lt;WKID&gt;103122&lt;/WKID&gt;&lt;LatestWKID&gt;6543&lt;/LatestWKID&gt;&lt;/ProjectedCoordinateSystem&gt;</peXml></coordRef></DataProperties><SyncDate>20220117</SyncDate><SyncTime>09573900</SyncTime><ModDate>20220117</ModDate><ModTime>09573900</ModTime></Esri><dataIdInfo><envirDesc Sync="TRUE">Microsoft Windows 10 Version 10.0 (Build 18363) ; Esri ArcGIS 12.9.0.32739</envirDesc><dataLang><languageCode value="eng" Sync="TRUE"></languageCode><countryCode value="USA" Sync="TRUE"></countryCode></dataLang><idCitation><resTitle Sync="TRUE">CRTPO_2050_MTP_FC_IntersectionInterchange_Projects</resTitle><presForm><PresFormCd value="005" Sync="TRUE"></PresFormCd></presForm></idCitation><spatRpType><SpatRepTypCd value="001" Sync="TRUE"></SpatRepTypCd></spatRpType></dataIdInfo><mdLang><languageCode value="eng" Sync="TRUE"></languageCode><countryCode value="USA" Sync="TRUE"></countryCode></mdLang><distInfo><distFormat><formatName Sync="TRUE">File Geodatabase Feature Class</formatName></distFormat></distInfo><mdHrLv><ScopeCd value="005" Sync="TRUE"></ScopeCd></mdHrLv><mdHrLvName Sync="TRUE">dataset</mdHrLvName><refSysInfo><RefSystem><refSysID><identCode code="6543" Sync="TRUE"></identCode><idCodeSpace Sync="TRUE">EPSG</idCodeSpace><idVersion Sync="TRUE">8.2.10(10.3.1)</idVersion></refSysID></RefSystem></refSysInfo><spatRepInfo><VectSpatRep><geometObjs Name="CRTPO_2050_MTP_FC_IntersectionInterchange_Projects"><geoObjTyp><GeoObjTypCd value="004" Sync="TRUE"></GeoObjTypCd></geoObjTyp><geoObjCnt Sync="TRUE">0</geoObjCnt></geometObjs><topLvl><TopoLevCd value="001" Sync="TRUE"></TopoLevCd></topLvl></VectSpatRep></spatRepInfo><spdoinfo><ptvctinf><esriterm Name="CRTPO_2050_MTP_FC_IntersectionInterchange_Projects"><efeatyp Sync="TRUE">Simple</efeatyp><efeageom code="1" Sync="TRUE"></efeageom><esritopo Sync="TRUE">FALSE</esritopo><efeacnt Sync="TRUE">0</efeacnt><spindex Sync="TRUE">TRUE</spindex><linrefer Sync="TRUE">FALSE</linrefer></esriterm></ptvctinf></spdoinfo><eainfo><detailed Name="CRTPO_2050_MTP_FC_IntersectionInterchange_Projects"><enttyp><enttypl Sync="TRUE">CRTPO_2050_MTP_FC_IntersectionInterchange_Projects</enttypl><enttypt Sync="TRUE">Feature Class</enttypt><enttypc Sync="TRUE">0</enttypc></enttyp><attr><attrlabl Sync="TRUE">OBJECTID</attrlabl><attalias Sync="TRUE">OBJECTID</attalias><attrtype Sync="TRUE">OID</attrtype><attwidth Sync="TRUE">4</attwidth><atprecis Sync="TRUE">0</atprecis><attscale Sync="TRUE">0</attscale><attrdef Sync="TRUE">Internal feature number.</attrdef><attrdefs Sync="TRUE">Esri</attrdefs><attrdomv><udom Sync="TRUE">Sequential unique whole numbers that are automatically generated.</udom></attrdomv></attr><attr><attrlabl Sync="TRUE">Shape</attrlabl><attalias Sync="TRUE">Shape</attalias><attrtype Sync="TRUE">Geometry</attrtype><attwidth Sync="TRUE">0</attwidth><atprecis Sync="TRUE">0</atprecis><attscale Sync="TRUE">0</attscale><attrdef Sync="TRUE">Feature geometry.</attrdef><attrdefs Sync="TRUE">Esri</attrdefs><attrdomv><udom Sync="TRUE">Coordinates defining the features.</udom></attrdomv></attr><attr><attrlabl Sync="TRUE">F2050_ID</attrlabl><attalias Sync="TRUE">2050 ID</attalias><attrtype Sync="TRUE">String</attrtype><attwidth Sync="TRUE">255</attwidth><atprecis Sync="TRUE">0</atprecis><attscale Sync="TRUE">0</attscale></attr><attr><attrlabl Sync="TRUE">F2045_MTP_ID_Reference</attrlabl><attalias Sync="TRUE">2045 MTP ID Reference</attalias><attrtype Sync="TRUE">String</attrtype><attwidth Sync="TRUE">255</attwidth><atprecis Sync="TRUE">0</atprecis><attscale Sync="TRUE">0</attscale></attr><attr><attrlabl Sync="TRUE">F2050_MTP_Submission_Source</attrlabl><attalias Sync="TRUE">2050 MTP Submission Source</attalias><attrtype Sync="TRUE">String</attrtype><attwidth Sync="TRUE">255</attwidth><atprecis Sync="TRUE">0</atprecis><attscale Sync="TRUE">0</attscale></attr><attr><attrlabl Sync="TRUE">F2050_MTP_Submitting_Jurisdicti</attrlabl><attalias Sync="TRUE">2050 MTP Submitting Jurisdiction</attalias><attrtype Sync="TRUE">String</attrtype><attwidth Sync="TRUE">255</attwidth><atprecis Sync="TRUE">0</atprecis><attscale Sync="TRUE">0</attscale></attr><attr><attrlabl Sync="TRUE">TIP_No</attrlabl><attalias Sync="TRUE">TIP No</attalias><attrtype Sync="TRUE">String</attrtype><attwidth Sync="TRUE">255</attwidth><atprecis Sync="TRUE">0</atprecis><attscale Sync="TRUE">0</attscale></attr><attr><attrlabl Sync="TRUE">Project_Name</attrlabl><attalias Sync="TRUE">Project Name</attalias><attrtype Sync="TRUE">String</attrtype><attwidth Sync="TRUE">255</attwidth><atprecis Sync="TRUE">0</atprecis><attscale Sync="TRUE">0</attscale></attr><attr><attrlabl Sync="TRUE">Jurisdiction</attrlabl><attalias Sync="TRUE">Jurisdiction</attalias><attrtype Sync="TRUE">String</attrtype><attwidth Sync="TRUE">255</attwidth><atprecis Sync="TRUE">0</atprecis><attscale Sync="TRUE">0</attscale></attr><attr><attrlabl Sync="TRUE">County</attrlabl><attalias Sync="TRUE">County</attalias><attrtype Sync="TRUE">String</attrtype><attwidth Sync="TRUE">255</attwidth><atprecis Sync="TRUE">0</atprecis><attscale Sync="TRUE">0</attscale></attr><attr><attrlabl Sync="TRUE">STI_Category</attrlabl><attalias Sync="TRUE">STI Category</attalias><attrtype Sync="TRUE">String</attrtype><attwidth Sync="TRUE">255</attwidth><atprecis Sync="TRUE">0</atprecis><attscale Sync="TRUE">0</attscale></attr><attr><attrlabl Sync="TRUE">Route_No</attrlabl><attalias Sync="TRUE">Route No</attalias><attrtype Sync="TRUE">String</attrtype><attwidth Sync="TRUE">255</attwidth><atprecis Sync="TRUE">0</atprecis><attscale Sync="TRUE">0</attscale></attr><attr><attrlabl Sync="TRUE">Start_of_Project</attrlabl><attalias Sync="TRUE">Start of Project</attalias><attrtype Sync="TRUE">String</attrtype><attwidth Sync="TRUE">255</attwidth><atprecis Sync="TRUE">0</atprecis><attscale Sync="TRUE">0</attscale></attr><attr><attrlabl Sync="TRUE">End_of_Project</attrlabl><attalias Sync="TRUE">End of Project</attalias><attrtype Sync="TRUE">String</attrtype><attwidth Sync="TRUE">255</attwidth><atprecis Sync="TRUE">0</atprecis><attscale Sync="TRUE">0</attscale></attr><attr><attrlabl Sync="TRUE">Project_Length__miles_</attrlabl><attalias Sync="TRUE">Project Length (miles)</attalias><attrtype Sync="TRUE">String</attrtype><attwidth Sync="TRUE">255</attwidth><atprecis Sync="TRUE">0</atprecis><attscale Sync="TRUE">0</attscale></attr><attr><attrlabl Sync="TRUE">Improvement_Type</attrlabl><attalias Sync="TRUE">Improvement Type</attalias><attrtype Sync="TRUE">String</attrtype><attwidth Sync="TRUE">255</attwidth><atprecis Sync="TRUE">0</atprecis><attscale Sync="TRUE">0</attscale></attr><attr><attrlabl Sync="TRUE">Existing_Lanes</attrlabl><attalias Sync="TRUE">Existing Lanes</attalias><attrtype Sync="TRUE">String</attrtype><attwidth Sync="TRUE">255</attwidth><atprecis Sync="TRUE">0</atprecis><attscale Sync="TRUE">0</attscale></attr><attr><attrlabl Sync="TRUE">Proposed_Lanes</attrlabl><attalias Sync="TRUE">Proposed Lanes</attalias><attrtype Sync="TRUE">String</attrtype><attwidth Sync="TRUE">255</attwidth><atprecis Sync="TRUE">0</atprecis><attscale Sync="TRUE">0</attscale></attr><attr><attrlabl Sync="TRUE">Project_Description</attrlabl><attalias Sync="TRUE">Project Description</attalias><attrtype Sync="TRUE">String</attrtype><attwidth Sync="TRUE">255</attwidth><atprecis Sync="TRUE">0</atprecis><attscale Sync="TRUE">0</attscale></attr><attr><attrlabl Sync="TRUE">Regional_Significance</attrlabl><attalias Sync="TRUE">Regional Significance</attalias><attrtype Sync="TRUE">String</attrtype><attwidth Sync="TRUE">255</attwidth><atprecis Sync="TRUE">0</atprecis><attscale Sync="TRUE">0</attscale></attr><attr><attrlabl Sync="TRUE">Exempt</attrlabl><attalias Sync="TRUE">Exempt</attalias><attrtype Sync="TRUE">String</attrtype><attwidth Sync="TRUE">255</attwidth><atprecis Sync="TRUE">0</atprecis><attscale Sync="TRUE">0</attscale></attr><attr><attrlabl Sync="TRUE">Exempt_Note</attrlabl><attalias Sync="TRUE">Exempt Note</attalias><attrtype Sync="TRUE">String</attrtype><attwidth Sync="TRUE">255</attwidth><atprecis Sync="TRUE">0</atprecis><attscale Sync="TRUE">0</attscale></attr><attr><attrlabl Sync="TRUE">Functional_Class</attrlabl><attalias Sync="TRUE">Functional Class</attalias><attrtype Sync="TRUE">String</attrtype><attwidth Sync="TRUE">255</attwidth><atprecis Sync="TRUE">0</atprecis><attscale Sync="TRUE">0</attscale></attr><attr><attrlabl Sync="TRUE">Tier_I_Congestion_Score</attrlabl><attalias Sync="TRUE">Tier I Congestion Score</attalias><attrtype Sync="TRUE">String</attrtype><attwidth Sync="TRUE">255</attwidth><atprecis Sync="TRUE">0</atprecis><attscale Sync="TRUE">0</attscale></attr><attr><attrlabl Sync="TRUE">Tier_I_Safety_Score</attrlabl><attalias Sync="TRUE">Tier I Safety Score</attalias><attrtype Sync="TRUE">String</attrtype><attwidth Sync="TRUE">255</attwidth><atprecis Sync="TRUE">0</atprecis><attscale Sync="TRUE">0</attscale></attr><attr><attrlabl Sync="TRUE">Tier_I_Accessibility_Score</attrlabl><attalias Sync="TRUE">Tier I Accessibility Score</attalias><attrtype Sync="TRUE">String</attrtype><attwidth Sync="TRUE">255</attwidth><atprecis Sync="TRUE">0</atprecis><attscale Sync="TRUE">0</attscale></attr><attr><attrlabl Sync="TRUE">Tier_I_Total_Score</attrlabl><attalias Sync="TRUE">Tier I Total Score</attalias><attrtype Sync="TRUE">String</attrtype><attwidth Sync="TRUE">255</attwidth><atprecis Sync="TRUE">0</atprecis><attscale Sync="TRUE">0</attscale></attr><attr><attrlabl Sync="TRUE">Tier_I_Status</attrlabl><attalias Sync="TRUE">Tier I Status</attalias><attrtype Sync="TRUE">String</attrtype><attwidth Sync="TRUE">255</attwidth><atprecis Sync="TRUE">0</atprecis><attscale Sync="TRUE">0</attscale></attr><attr><attrlabl Sync="TRUE">Tier_I_Status___Improvement_Typ</attrlabl><attalias Sync="TRUE">Tier I Status + Improvement Type</attalias><attrtype Sync="TRUE">String</attrtype><attwidth Sync="TRUE">255</attwidth><atprecis Sync="TRUE">0</atprecis><attscale Sync="TRUE">0</attscale></attr><attr><attrlabl Sync="TRUE">Tier_II_EJ_Score</attrlabl><attalias Sync="TRUE">Tier II EJ Score</attalias><attrtype Sync="TRUE">String</attrtype><attwidth Sync="TRUE">255</attwidth><atprecis Sync="TRUE">0</atprecis><attscale Sync="TRUE">0</attscale></attr><attr><attrlabl Sync="TRUE">Tier_II_Equitable_Access_Score</attrlabl><attalias Sync="TRUE">Tier II Equitable Access Score</attalias><attrtype Sync="TRUE">String</attrtype><attwidth Sync="TRUE">255</attwidth><atprecis Sync="TRUE">0</atprecis><attscale Sync="TRUE">0</attscale></attr><attr><attrlabl Sync="TRUE">Tier_II_Natural_Resource_Score</attrlabl><attalias Sync="TRUE">Tier II Natural Resource Score</attalias><attrtype Sync="TRUE">String</attrtype><attwidth Sync="TRUE">255</attwidth><atprecis Sync="TRUE">0</atprecis><attscale Sync="TRUE">0</attscale></attr><attr><attrlabl Sync="TRUE">Tier_II_Historic_Resource</attrlabl><attalias Sync="TRUE">Tier II Historic Resource</attalias><attrtype Sync="TRUE">String</attrtype><attwidth Sync="TRUE">255</attwidth><atprecis Sync="TRUE">0</atprecis><attscale Sync="TRUE">0</attscale></attr><attr><attrlabl Sync="TRUE">Tier_II_Community_Resource_Scor</attrlabl><attalias Sync="TRUE">Tier II Community Resource Score</attalias><attrtype Sync="TRUE">String</attrtype><attwidth Sync="TRUE">255</attwidth><atprecis Sync="TRUE">0</atprecis><attscale Sync="TRUE">0</attscale></attr><attr><attrlabl Sync="TRUE">Tier_II_System_Connectivity_Sco</attrlabl><attalias Sync="TRUE">Tier II System Connectivity Score</attalias><attrtype Sync="TRUE">String</attrtype><attwidth Sync="TRUE">255</attwidth><atprecis Sync="TRUE">0</atprecis><attscale Sync="TRUE">0</attscale></attr><attr><attrlabl Sync="TRUE">Tier_II_Benefit_Cost_Score</attrlabl><attalias Sync="TRUE">Tier II Benefit Cost Score</attalias><attrtype Sync="TRUE">String</attrtype><attwidth Sync="TRUE">255</attwidth><atprecis Sync="TRUE">0</atprecis><attscale Sync="TRUE">0</attscale></attr><attr><attrlabl Sync="TRUE">Tier_II_Total_Score</attrlabl><attalias Sync="TRUE">Tier II Total Score</attalias><attrtype Sync="TRUE">String</attrtype><attwidth Sync="TRUE">255</attwidth><atprecis Sync="TRUE">0</atprecis><attscale Sync="TRUE">0</attscale></attr><attr><attrlabl Sync="TRUE">Tier_I___Tier_II_Total_Score</attrlabl><attalias Sync="TRUE">Tier I + Tier II Total Score</attalias><attrtype Sync="TRUE">String</attrtype><attwidth Sync="TRUE">255</attwidth><atprecis Sync="TRUE">0</atprecis><attscale Sync="TRUE">0</attscale></attr><attr><attrlabl Sync="TRUE">Project_Cost_to_NCDOT_in_2022_D</attrlabl><attalias Sync="TRUE">Project Cost to NCDOT in 2022 Dollars</attalias><attrtype Sync="TRUE">Double</attrtype><attwidth Sync="TRUE">8</attwidth><atprecis Sync="TRUE">0</atprecis><attscale Sync="TRUE">0</attscale></attr><attr><attrlabl Sync="TRUE">Other_Funds_in_2022_Dollars</attrlabl><attalias Sync="TRUE">Other Funds in 2022 Dollars</attalias><attrtype Sync="TRUE">Double</attrtype><attwidth Sync="TRUE">8</attwidth><atprecis Sync="TRUE">0</atprecis><attscale Sync="TRUE">0</attscale></attr><attr><attrlabl Sync="TRUE">Total_Project_Cost_in_2022_Doll</attrlabl><attalias Sync="TRUE">Total Project Cost in 2022 Dollars</attalias><attrtype Sync="TRUE">Double</attrtype><attwidth Sync="TRUE">8</attwidth><atprecis Sync="TRUE">0</atprecis><attscale Sync="TRUE">0</attscale></attr><attr><attrlabl Sync="TRUE">Total_Project_Cost_in_Future_HY</attrlabl><attalias Sync="TRUE">Total Project Cost in Future HY Dollars</attalias><attrtype Sync="TRUE">Double</attrtype><attwidth Sync="TRUE">8</attwidth><atprecis Sync="TRUE">0</atprecis><attscale Sync="TRUE">0</attscale></attr><attr><attrlabl Sync="TRUE">Total_Project_Cost_in_Future__1</attrlabl><attalias Sync="TRUE">Total Project Cost in Future HY Dollars, $M</attalias><attrtype Sync="TRUE">String</attrtype><attwidth Sync="TRUE">255</attwidth><atprecis Sync="TRUE">0</atprecis><attscale Sync="TRUE">0</attscale></attr><attr><attrlabl Sync="TRUE">Future_Dollars_Year</attrlabl><attalias Sync="TRUE">Future Dollars Year</attalias><attrtype Sync="TRUE">String</attrtype><attwidth Sync="TRUE">255</attwidth><atprecis Sync="TRUE">0</atprecis><attscale Sync="TRUE">0</attscale></attr><attr><attrlabl Sync="TRUE">Funding_Note</attrlabl><attalias Sync="TRUE">Funding Note</attalias><attrtype Sync="TRUE">String</attrtype><attwidth Sync="TRUE">255</attwidth><atprecis Sync="TRUE">0</atprecis><attscale Sync="TRUE">0</attscale></attr><attr><attrlabl Sync="TRUE">F2050_MTP_Final_Status</attrlabl><attalias Sync="TRUE">2050 MTP Final Status</attalias><attrtype Sync="TRUE">String</attrtype><attwidth Sync="TRUE">255</attwidth><atprecis Sync="TRUE">0</atprecis><attscale Sync="TRUE">0</attscale></attr><attr><attrlabl Sync="TRUE">Horizon_Year</attrlabl><attalias Sync="TRUE">Horizon Year</attalias><attrtype Sync="TRUE">String</attrtype><attwidth Sync="TRUE">255</attwidth><atprecis Sync="TRUE">0</atprecis><attscale Sync="TRUE">0</attscale></attr></detailed></eainfo><mdDateSt Sync="TRUE">20220117</mdDateSt></metadata>
