<?xml version="1.0" encoding="UTF-8"?>
<metadata xml:lang="en"><Esri><CreaDate>20220113</CreaDate><CreaTime>08231600</CreaTime><ArcGISFormat>1.0</ArcGISFormat><ArcGISstyle>ISO 19139 Metadata Implementation Specification</ArcGISstyle><SyncOnce>FALSE</SyncOnce><DataProperties><lineage><Process ToolSource="c:\arcgis_install\desktop10.6\ArcToolbox\Toolboxes\Data Management Tools.tbx\CopyFeatures" Date="20200708" Time="060530">CopyFeatures C:/Users/blacksr/AppData/Roaming/ESRI/Desktop10.6/ArcCatalog/GIS.sde\gis.sde.streets_ln C:\GIS\ArcMap\OpenMapping.gdb\County\streets_ln # 0 0 0</Process><Process ToolSource="c:\arcgis_install\desktop10.6\ArcToolbox\Toolboxes\Conversion Tools.tbx\FeatureClassToFeatureClass" Date="20200708" Time="060544">FeatureClassToFeatureClass C:/GIS/ArcMap/OpenMapping.gdb/County/streets_ln C:/GIS/Python/OpenMapping Streets # "enabled "enabled" true true false 2 Short 0 0 ,First,#,C:/GIS/ArcMap/OpenMapping.gdb/County/streets_ln,enabled,-1,-1;e911 "e911" true true false 4 Long 0 0 ,First,#,C:/GIS/ArcMap/OpenMapping.gdb/County/streets_ln,e911,-1,-1;lasteditda "lasteditda" true true false 8 Date 0 0 ,First,#,C:/GIS/ArcMap/OpenMapping.gdb/County/streets_ln,lasteditdate,-1,-1;dateadded "dateadded" true true false 8 Date 0 0 ,First,#,C:/GIS/ArcMap/OpenMapping.gdb/County/streets_ln,dateadded,-1,-1;username "username" true true false 30 Text 0 0 ,First,#,C:/GIS/ArcMap/OpenMapping.gdb/County/streets_ln,username,-1,-1;actiontype "actiontype" true true false 15 Text 0 0 ,First,#,C:/GIS/ArcMap/OpenMapping.gdb/County/streets_ln,actiontype,-1,-1;prefixdire "prefixdire" true true false 5 Text 0 0 ,First,#,C:/GIS/ArcMap/OpenMapping.gdb/County/streets_ln,prefixdirection,-1,-1;streetname "streetname" true true false 50 Text 0 0 ,First,#,C:/GIS/ArcMap/OpenMapping.gdb/County/streets_ln,streetname,-1,-1;standtype "standtype" true true false 5 Text 0 0 ,First,#,C:/GIS/ArcMap/OpenMapping.gdb/County/streets_ln,standtype,-1,-1;suffix "suffix" true true false 5 Text 0 0 ,First,#,C:/GIS/ArcMap/OpenMapping.gdb/County/streets_ln,suffix,-1,-1;streettype "streettype" true true false 5 Text 0 0 ,First,#,C:/GIS/ArcMap/OpenMapping.gdb/County/streets_ln,streettype,-1,-1;wholestnam "wholestnam" true true false 50 Text 0 0 ,First,#,C:/GIS/ArcMap/OpenMapping.gdb/County/streets_ln,wholestname,-1,-1;ll_add "ll_add" true true false 4 Long 0 0 ,First,#,C:/GIS/ArcMap/OpenMapping.gdb/County/streets_ln,ll_add,-1,-1;ul_add "ul_add" true true false 4 Long 0 0 ,First,#,C:/GIS/ArcMap/OpenMapping.gdb/County/streets_ln,ul_add,-1,-1;lr_add "lr_add" true true false 4 Long 0 0 ,First,#,C:/GIS/ArcMap/OpenMapping.gdb/County/streets_ln,lr_add,-1,-1;ur_add "ur_add" true true false 4 Long 0 0 ,First,#,C:/GIS/ArcMap/OpenMapping.gdb/County/streets_ln,ur_add,-1,-1;lblockmin "lblockmin" true true false 4 Long 0 0 ,First,#,C:/GIS/ArcMap/OpenMapping.gdb/County/streets_ln,lblockmin,-1,-1;rblockmin "rblockmin" true true false 4 Long 0 0 ,First,#,C:/GIS/ArcMap/OpenMapping.gdb/County/streets_ln,rblockmin,-1,-1;lblockmax "lblockmax" true true false 4 Long 0 0 ,First,#,C:/GIS/ArcMap/OpenMapping.gdb/County/streets_ln,lblockmax,-1,-1;rblockmax "rblockmax" true true false 4 Long 0 0 ,First,#,C:/GIS/ArcMap/OpenMapping.gdb/County/streets_ln,rblockmax,-1,-1;lstreetcod "lstreetcod" true true false 4 Long 0 0 ,First,#,C:/GIS/ArcMap/OpenMapping.gdb/County/streets_ln,lstreetcode,-1,-1;rstreetcod "rstreetcod" true true false 4 Long 0 0 ,First,#,C:/GIS/ArcMap/OpenMapping.gdb/County/streets_ln,rstreetcode,-1,-1;l_zipcode "l_zipcode" true true false 4 Long 0 0 ,First,#,C:/GIS/ArcMap/OpenMapping.gdb/County/streets_ln,l_zipcode,-1,-1;r_zipcode "r_zipcode" true true false 4 Long 0 0 ,First,#,C:/GIS/ArcMap/OpenMapping.gdb/County/streets_ln,r_zipcode,-1,-1;l_juris "l_juris" true true false 5 Text 0 0 ,First,#,C:/GIS/ArcMap/OpenMapping.gdb/County/streets_ln,l_juris,-1,-1;r_juris "r_juris" true true false 5 Text 0 0 ,First,#,C:/GIS/ArcMap/OpenMapping.gdb/County/streets_ln,r_juris,-1,-1;lcounty "lcounty" true true false 5 Text 0 0 ,First,#,C:/GIS/ArcMap/OpenMapping.gdb/County/streets_ln,lcounty,-1,-1;rcounty "rcounty" true true false 5 Text 0 0 ,First,#,C:/GIS/ArcMap/OpenMapping.gdb/County/streets_ln,rcounty,-1,-1;subdivisio "subdivisio" true true false 35 Text 0 0 ,First,#,C:/GIS/ArcMap/OpenMapping.gdb/County/streets_ln,subdivisionname,-1,-1;subdivis_1 "subdivis_1" true true false 10 Text 0 0 ,First,#,C:/GIS/ArcMap/OpenMapping.gdb/County/streets_ln,subdivisionphase,-1,-1;roadtype "roadtype" true true false 4 Long 0 0 ,First,#,C:/GIS/ArcMap/OpenMapping.gdb/County/streets_ln,roadtype,-1,-1;streetclas "streetclas" true true false 5 Text 0 0 ,First,#,C:/GIS/ArcMap/OpenMapping.gdb/County/streets_ln,streetclass,-1,-1;mark "mark" true true false 4 Long 0 0 ,First,#,C:/GIS/ArcMap/OpenMapping.gdb/County/streets_ln,mark,-1,-1;gps_stat "gps_stat" true true false 15 Text 0 0 ,First,#,C:/GIS/ArcMap/OpenMapping.gdb/County/streets_ln,gps_stat,-1,-1;topo "topo" true true false 5 Text 0 0 ,First,#,C:/GIS/ArcMap/OpenMapping.gdb/County/streets_ln,topo,-1,-1;luesaflag "luesaflag" true true false 4 Long 0 0 ,First,#,C:/GIS/ArcMap/OpenMapping.gdb/County/streets_ln,luesaflag,-1,-1;stnamechan "stnamechan" true true false 4 Long 0 0 ,First,#,C:/GIS/ArcMap/OpenMapping.gdb/County/streets_ln,stnamechange,-1,-1;barrier "barrier" true true false 4 Long 0 0 ,First,#,C:/GIS/ArcMap/OpenMapping.gdb/County/streets_ln,barrier,-1,-1;preve911 "preve911" true true false 4 Long 0 0 ,First,#,C:/GIS/ArcMap/OpenMapping.gdb/County/streets_ln,preve911,-1,-1;orige911 "orige911" true true false 4 Long 0 0 ,First,#,C:/GIS/ArcMap/OpenMapping.gdb/County/streets_ln,orige911,-1,-1;lifecycles "lifecycles" true true false 20 Text 0 0 ,First,#,C:/GIS/ArcMap/OpenMapping.gdb/County/streets_ln,lifecyclestatus,-1,-1;divided "divided" true true false 4 Long 0 0 ,First,#,C:/GIS/ArcMap/OpenMapping.gdb/County/streets_ln,divided,-1,-1;surfacetyp "surfacetyp" true true false 4 Long 0 0 ,First,#,C:/GIS/ArcMap/OpenMapping.gdb/County/streets_ln,surfacetype,-1,-1;numberofla "numberofla" true true false 4 Long 0 0 ,First,#,C:/GIS/ArcMap/OpenMapping.gdb/County/streets_ln,numberoflanes,-1,-1;hovlane "hovlane" true true false 4 Long 0 0 ,First,#,C:/GIS/ArcMap/OpenMapping.gdb/County/streets_ln,hovlane,-1,-1;thoroughfa "thoroughfa" true true false 10 Text 0 0 ,First,#,C:/GIS/ArcMap/OpenMapping.gdb/County/streets_ln,thoroughfaretype,-1,-1;speedlimit "speedlimit" true true false 4 Long 0 0 ,First,#,C:/GIS/ArcMap/OpenMapping.gdb/County/streets_ln,speedlimit,-1,-1;pavementwi "pavementwi" true true false 8 Double 0 0 ,First,#,C:/GIS/ArcMap/OpenMapping.gdb/County/streets_ln,pavementwidth,-1,-1;oneway "oneway" true true false 4 Long 0 0 ,First,#,C:/GIS/ArcMap/OpenMapping.gdb/County/streets_ln,oneway,-1,-1;speedhump "speedhump" true true false 4 Long 0 0 ,First,#,C:/GIS/ArcMap/OpenMapping.gdb/County/streets_ln,speedhump,-1,-1;median "median" true true false 4 Long 0 0 ,First,#,C:/GIS/ArcMap/OpenMapping.gdb/County/streets_ln,median,-1,-1;hansenstat "hansenstat" true true false 15 Text 0 0 ,First,#,C:/GIS/ArcMap/OpenMapping.gdb/County/streets_ln,hansenstatus,-1,-1;comptype "comptype" true true false 4 Long 0 0 ,First,#,C:/GIS/ArcMap/OpenMapping.gdb/County/streets_ln,comptype,-1,-1;compkey "compkey" true true false 4 Long 0 0 ,First,#,C:/GIS/ArcMap/OpenMapping.gdb/County/streets_ln,compkey,-1,-1;unitid "unitid" true true false 16 Text 0 0 ,First,#,C:/GIS/ArcMap/OpenMapping.gdb/County/streets_ln,unitid,-1,-1;unitid2 "unitid2" true true false 16 Text 0 0 ,First,#,C:/GIS/ArcMap/OpenMapping.gdb/County/streets_ln,unitid2,-1,-1;funitid "funitid" true true false 16 Text 0 0 ,First,#,C:/GIS/ArcMap/OpenMapping.gdb/County/streets_ln,funitid,-1,-1;tunitid "tunitid" true true false 16 Text 0 0 ,First,#,C:/GIS/ArcMap/OpenMapping.gdb/County/streets_ln,tunitid,-1,-1;length "length" true true false 8 Double 0 0 ,First,#,C:/GIS/ArcMap/OpenMapping.gdb/County/streets_ln,length,-1,-1;addressnum "addressnum" true true false 4 Text 0 0 ,First,#,C:/GIS/ArcMap/OpenMapping.gdb/County/streets_ln,addressnumbers,-1,-1;cfcc "cfcc" true true false 5 Text 0 0 ,First,#,C:/GIS/ArcMap/OpenMapping.gdb/County/streets_ln,cfcc,-1,-1;maint_by "maint_by" true true false 30 Text 0 0 ,First,#,C:/GIS/ArcMap/OpenMapping.gdb/County/streets_ln,maint_by,-1,-1;maint_perc "maint_perc" true true false 2 Short 0 0 ,First,#,C:/GIS/ArcMap/OpenMapping.gdb/County/streets_ln,maint_percent,-1,-1;pavement_r "pavement_r" true true false 2 Short 0 0 ,First,#,C:/GIS/ArcMap/OpenMapping.gdb/County/streets_ln,pavement_rating,-1,-1;globalid "globalid" true false false 38 Text 0 0 ,First,#,C:/GIS/ArcMap/OpenMapping.gdb/County/streets_ln,globalid,-1,-1;feature_ke "feature_ke" true true false 4 Long 0 0 ,First,#,C:/GIS/ArcMap/OpenMapping.gdb/County/streets_ln,feature_key,-1,-1;street_id "street_id" true true false 4 Long 0 0 ,First,#,C:/GIS/ArcMap/OpenMapping.gdb/County/streets_ln,street_id,-1,-1;state "state" true true false 2 Text 0 0 ,First,#,C:/GIS/ArcMap/OpenMapping.gdb/County/streets_ln,state,-1,-1;shape_Leng "shape_Leng" false true true 8 Double 0 0 ,First,#,C:/GIS/ArcMap/OpenMapping.gdb/County/streets_ln,shape_Length,-1,-1" #</Process><Process ToolSource="c:\program files (x86)\arcgis\desktop10.8\ArcToolbox\Toolboxes\Analysis Tools.tbx\Clip" Date="20220113" Time="081857">Clip Streets MunicipalBoundaries "X:\Admin_Non Project\NC\Business Development\Conferences\ITE Sandbox Competition_2022\ArcView\Streets.shp" #</Process></lineage><itemProps><itemName Sync="TRUE">Streets</itemName><imsContentType Sync="TRUE">002</imsContentType><itemSize Sync="TRUE">0.000</itemSize><itemLocation><linkage Sync="TRUE">file://\\rsandh.com\files\Transportation\Admin_Non Project\NC\Business Development\Conferences\ITE Sandbox Competition_2022\ArcView\Streets.shp</linkage><protocol Sync="TRUE">Local Area Network</protocol></itemLocation></itemProps><coordRef><type Sync="TRUE">Projected</type><geogcsn Sync="TRUE">GCS_North_American_1983</geogcsn><csUnits Sync="TRUE">Linear Unit: Foot_US (0.304801)</csUnits><projcsn Sync="TRUE">NAD_1983_StatePlane_North_Carolina_FIPS_3200_Feet</projcsn><peXml Sync="TRUE">&lt;ProjectedCoordinateSystem xsi:type='typens:ProjectedCoordinateSystem' xmlns:xsi='http://www.w3.org/2001/XMLSchema-instance' xmlns:xs='http://www.w3.org/2001/XMLSchema' xmlns:typens='http://www.esri.com/schemas/ArcGIS/10.8'&gt;&lt;WKT&gt;PROJCS[&amp;quot;NAD_1983_StatePlane_North_Carolina_FIPS_3200_Feet&amp;quot;,GEOGCS[&amp;quot;GCS_North_American_1983&amp;quot;,DATUM[&amp;quot;D_North_American_1983&amp;quot;,SPHEROID[&amp;quot;GRS_1980&amp;quot;,6378137.0,298.257222101]],PRIMEM[&amp;quot;Greenwich&amp;quot;,0.0],UNIT[&amp;quot;Degree&amp;quot;,0.0174532925199433]],PROJECTION[&amp;quot;Lambert_Conformal_Conic&amp;quot;],PARAMETER[&amp;quot;False_Easting&amp;quot;,2000000.002616666],PARAMETER[&amp;quot;False_Northing&amp;quot;,0.0],PARAMETER[&amp;quot;Central_Meridian&amp;quot;,-79.0],PARAMETER[&amp;quot;Standard_Parallel_1&amp;quot;,34.33333333333334],PARAMETER[&amp;quot;Standard_Parallel_2&amp;quot;,36.16666666666666],PARAMETER[&amp;quot;Latitude_Of_Origin&amp;quot;,33.75],UNIT[&amp;quot;Foot_US&amp;quot;,0.3048006096012192],AUTHORITY[&amp;quot;EPSG&amp;quot;,2264]]&lt;/WKT&gt;&lt;XOrigin&gt;-121841900&lt;/XOrigin&gt;&lt;YOrigin&gt;-93659000&lt;/YOrigin&gt;&lt;XYScale&gt;36365718.124241434&lt;/XYScale&gt;&lt;ZOrigin&gt;-100000&lt;/ZOrigin&gt;&lt;ZScale&gt;10000&lt;/ZScale&gt;&lt;MOrigin&gt;-100000&lt;/MOrigin&gt;&lt;MScale&gt;10000&lt;/MScale&gt;&lt;XYTolerance&gt;0.0032808333333333331&lt;/XYTolerance&gt;&lt;ZTolerance&gt;0.001&lt;/ZTolerance&gt;&lt;MTolerance&gt;0.001&lt;/MTolerance&gt;&lt;HighPrecision&gt;true&lt;/HighPrecision&gt;&lt;WKID&gt;102719&lt;/WKID&gt;&lt;LatestWKID&gt;2264&lt;/LatestWKID&gt;&lt;/ProjectedCoordinateSystem&gt;</peXml></coordRef></DataProperties><SyncDate>20220113</SyncDate><SyncTime>08185400</SyncTime><ModDate>20220113</ModDate><ModTime>08185400</ModTime></Esri><dataIdInfo><envirDesc Sync="TRUE"> Version 6.2 (Build 9200) ; Esri ArcGIS 10.8.1.14362</envirDesc><dataLang><languageCode value="eng" Sync="TRUE"></languageCode><countryCode value="USA" Sync="TRUE"></countryCode></dataLang><idCitation><resTitle Sync="TRUE">Streets</resTitle><presForm><PresFormCd value="005" Sync="TRUE"></PresFormCd></presForm></idCitation><spatRpType><SpatRepTypCd value="001" Sync="TRUE"></SpatRepTypCd></spatRpType></dataIdInfo><mdLang><languageCode value="eng" Sync="TRUE"></languageCode><countryCode value="USA" Sync="TRUE"></countryCode></mdLang><distInfo><distFormat><formatName Sync="TRUE">Shapefile</formatName></distFormat><distTranOps><transSize Sync="TRUE">0.000</transSize></distTranOps></distInfo><mdHrLv><ScopeCd value="005" Sync="TRUE"></ScopeCd></mdHrLv><mdHrLvName Sync="TRUE">dataset</mdHrLvName><refSysInfo><RefSystem><refSysID><identCode code="2264" Sync="TRUE"></identCode><idCodeSpace Sync="TRUE">EPSG</idCodeSpace><idVersion Sync="TRUE">6.12(9.0.0)</idVersion></refSysID></RefSystem></refSysInfo><spatRepInfo><VectSpatRep><geometObjs Name="Streets"><geoObjTyp><GeoObjTypCd value="002" Sync="TRUE"></GeoObjTypCd></geoObjTyp><geoObjCnt Sync="TRUE">0</geoObjCnt></geometObjs><topLvl><TopoLevCd value="001" Sync="TRUE"></TopoLevCd></topLvl></VectSpatRep></spatRepInfo><spdoinfo><ptvctinf><esriterm Name="Streets"><efeatyp Sync="TRUE">Simple</efeatyp><efeageom code="3" Sync="TRUE"></efeageom><esritopo Sync="TRUE">FALSE</esritopo><efeacnt Sync="TRUE">0</efeacnt><spindex Sync="TRUE">FALSE</spindex><linrefer Sync="TRUE">FALSE</linrefer></esriterm></ptvctinf></spdoinfo><eainfo><detailed Name="Streets"><enttyp><enttypl Sync="TRUE">Streets</enttypl><enttypt Sync="TRUE">Feature Class</enttypt><enttypc Sync="TRUE">0</enttypc></enttyp><attr><attrlabl Sync="TRUE">FID</attrlabl><attalias Sync="TRUE">FID</attalias><attrtype Sync="TRUE">OID</attrtype><attwidth Sync="TRUE">4</attwidth><atprecis Sync="TRUE">0</atprecis><attscale Sync="TRUE">0</attscale><attrdef Sync="TRUE">Internal feature number.</attrdef><attrdefs Sync="TRUE">Esri</attrdefs><attrdomv><udom Sync="TRUE">Sequential unique whole numbers that are automatically generated.</udom></attrdomv></attr><attr><attrlabl Sync="TRUE">Shape</attrlabl><attalias Sync="TRUE">Shape</attalias><attrtype Sync="TRUE">Geometry</attrtype><attwidth Sync="TRUE">0</attwidth><atprecis Sync="TRUE">0</atprecis><attscale Sync="TRUE">0</attscale><attrdef Sync="TRUE">Feature geometry.</attrdef><attrdefs Sync="TRUE">Esri</attrdefs><attrdomv><udom Sync="TRUE">Coordinates defining the features.</udom></attrdomv></attr><attr><attrlabl Sync="TRUE">enabled</attrlabl><attalias Sync="TRUE">enabled</attalias><attrtype Sync="TRUE">Integer</attrtype><attwidth Sync="TRUE">5</attwidth><atprecis Sync="TRUE">5</atprecis><attscale Sync="TRUE">0</attscale></attr><attr><attrlabl Sync="TRUE">e911</attrlabl><attalias Sync="TRUE">e911</attalias><attrtype Sync="TRUE">Integer</attrtype><attwidth Sync="TRUE">10</attwidth><atprecis Sync="TRUE">10</atprecis><attscale Sync="TRUE">0</attscale></attr><attr><attrlabl Sync="TRUE">lasteditda</attrlabl><attalias Sync="TRUE">lasteditda</attalias><attrtype Sync="TRUE">Date</attrtype><attwidth Sync="TRUE">8</attwidth><atprecis Sync="TRUE">0</atprecis><attscale Sync="TRUE">0</attscale></attr><attr><attrlabl Sync="TRUE">dateadded</attrlabl><attalias Sync="TRUE">dateadded</attalias><attrtype Sync="TRUE">Date</attrtype><attwidth Sync="TRUE">8</attwidth><atprecis Sync="TRUE">0</atprecis><attscale Sync="TRUE">0</attscale></attr><attr><attrlabl Sync="TRUE">username</attrlabl><attalias Sync="TRUE">username</attalias><attrtype Sync="TRUE">String</attrtype><attwidth Sync="TRUE">30</attwidth><atprecis Sync="TRUE">0</atprecis><attscale Sync="TRUE">0</attscale></attr><attr><attrlabl Sync="TRUE">actiontype</attrlabl><attalias Sync="TRUE">actiontype</attalias><attrtype Sync="TRUE">String</attrtype><attwidth Sync="TRUE">15</attwidth><atprecis Sync="TRUE">0</atprecis><attscale Sync="TRUE">0</attscale></attr><attr><attrlabl Sync="TRUE">prefixdire</attrlabl><attalias Sync="TRUE">prefixdire</attalias><attrtype Sync="TRUE">String</attrtype><attwidth Sync="TRUE">5</attwidth><atprecis Sync="TRUE">0</atprecis><attscale Sync="TRUE">0</attscale></attr><attr><attrlabl Sync="TRUE">streetname</attrlabl><attalias Sync="TRUE">streetname</attalias><attrtype Sync="TRUE">String</attrtype><attwidth Sync="TRUE">50</attwidth><atprecis Sync="TRUE">0</atprecis><attscale Sync="TRUE">0</attscale></attr><attr><attrlabl Sync="TRUE">standtype</attrlabl><attalias Sync="TRUE">standtype</attalias><attrtype Sync="TRUE">String</attrtype><attwidth Sync="TRUE">5</attwidth><atprecis Sync="TRUE">0</atprecis><attscale Sync="TRUE">0</attscale></attr><attr><attrlabl Sync="TRUE">suffix</attrlabl><attalias Sync="TRUE">suffix</attalias><attrtype Sync="TRUE">String</attrtype><attwidth Sync="TRUE">5</attwidth><atprecis Sync="TRUE">0</atprecis><attscale Sync="TRUE">0</attscale></attr><attr><attrlabl Sync="TRUE">streettype</attrlabl><attalias Sync="TRUE">streettype</attalias><attrtype Sync="TRUE">String</attrtype><attwidth Sync="TRUE">5</attwidth><atprecis Sync="TRUE">0</atprecis><attscale Sync="TRUE">0</attscale></attr><attr><attrlabl Sync="TRUE">wholestnam</attrlabl><attalias Sync="TRUE">wholestnam</attalias><attrtype Sync="TRUE">String</attrtype><attwidth Sync="TRUE">50</attwidth><atprecis Sync="TRUE">0</atprecis><attscale Sync="TRUE">0</attscale></attr><attr><attrlabl Sync="TRUE">ll_add</attrlabl><attalias Sync="TRUE">ll_add</attalias><attrtype Sync="TRUE">Integer</attrtype><attwidth Sync="TRUE">10</attwidth><atprecis Sync="TRUE">10</atprecis><attscale Sync="TRUE">0</attscale></attr><attr><attrlabl Sync="TRUE">ul_add</attrlabl><attalias Sync="TRUE">ul_add</attalias><attrtype Sync="TRUE">Integer</attrtype><attwidth Sync="TRUE">10</attwidth><atprecis Sync="TRUE">10</atprecis><attscale Sync="TRUE">0</attscale></attr><attr><attrlabl Sync="TRUE">lr_add</attrlabl><attalias Sync="TRUE">lr_add</attalias><attrtype Sync="TRUE">Integer</attrtype><attwidth Sync="TRUE">10</attwidth><atprecis Sync="TRUE">10</atprecis><attscale Sync="TRUE">0</attscale></attr><attr><attrlabl Sync="TRUE">ur_add</attrlabl><attalias Sync="TRUE">ur_add</attalias><attrtype Sync="TRUE">Integer</attrtype><attwidth Sync="TRUE">10</attwidth><atprecis Sync="TRUE">10</atprecis><attscale Sync="TRUE">0</attscale></attr><attr><attrlabl Sync="TRUE">lblockmin</attrlabl><attalias Sync="TRUE">lblockmin</attalias><attrtype Sync="TRUE">Integer</attrtype><attwidth Sync="TRUE">10</attwidth><atprecis Sync="TRUE">10</atprecis><attscale Sync="TRUE">0</attscale></attr><attr><attrlabl Sync="TRUE">rblockmin</attrlabl><attalias Sync="TRUE">rblockmin</attalias><attrtype Sync="TRUE">Integer</attrtype><attwidth Sync="TRUE">10</attwidth><atprecis Sync="TRUE">10</atprecis><attscale Sync="TRUE">0</attscale></attr><attr><attrlabl Sync="TRUE">lblockmax</attrlabl><attalias Sync="TRUE">lblockmax</attalias><attrtype Sync="TRUE">Integer</attrtype><attwidth Sync="TRUE">10</attwidth><atprecis Sync="TRUE">10</atprecis><attscale Sync="TRUE">0</attscale></attr><attr><attrlabl Sync="TRUE">rblockmax</attrlabl><attalias Sync="TRUE">rblockmax</attalias><attrtype Sync="TRUE">Integer</attrtype><attwidth Sync="TRUE">10</attwidth><atprecis Sync="TRUE">10</atprecis><attscale Sync="TRUE">0</attscale></attr><attr><attrlabl Sync="TRUE">lstreetcod</attrlabl><attalias Sync="TRUE">lstreetcod</attalias><attrtype Sync="TRUE">Integer</attrtype><attwidth Sync="TRUE">10</attwidth><atprecis Sync="TRUE">10</atprecis><attscale Sync="TRUE">0</attscale></attr><attr><attrlabl Sync="TRUE">rstreetcod</attrlabl><attalias Sync="TRUE">rstreetcod</attalias><attrtype Sync="TRUE">Integer</attrtype><attwidth Sync="TRUE">10</attwidth><atprecis Sync="TRUE">10</atprecis><attscale Sync="TRUE">0</attscale></attr><attr><attrlabl Sync="TRUE">l_zipcode</attrlabl><attalias Sync="TRUE">l_zipcode</attalias><attrtype Sync="TRUE">Integer</attrtype><attwidth Sync="TRUE">10</attwidth><atprecis Sync="TRUE">10</atprecis><attscale Sync="TRUE">0</attscale></attr><attr><attrlabl Sync="TRUE">r_zipcode</attrlabl><attalias Sync="TRUE">r_zipcode</attalias><attrtype Sync="TRUE">Integer</attrtype><attwidth Sync="TRUE">10</attwidth><atprecis Sync="TRUE">10</atprecis><attscale Sync="TRUE">0</attscale></attr><attr><attrlabl Sync="TRUE">l_juris</attrlabl><attalias Sync="TRUE">l_juris</attalias><attrtype Sync="TRUE">String</attrtype><attwidth Sync="TRUE">5</attwidth><atprecis Sync="TRUE">0</atprecis><attscale Sync="TRUE">0</attscale></attr><attr><attrlabl Sync="TRUE">r_juris</attrlabl><attalias Sync="TRUE">r_juris</attalias><attrtype Sync="TRUE">String</attrtype><attwidth Sync="TRUE">5</attwidth><atprecis Sync="TRUE">0</atprecis><attscale Sync="TRUE">0</attscale></attr><attr><attrlabl Sync="TRUE">lcounty</attrlabl><attalias Sync="TRUE">lcounty</attalias><attrtype Sync="TRUE">String</attrtype><attwidth Sync="TRUE">5</attwidth><atprecis Sync="TRUE">0</atprecis><attscale Sync="TRUE">0</attscale></attr><attr><attrlabl Sync="TRUE">rcounty</attrlabl><attalias Sync="TRUE">rcounty</attalias><attrtype Sync="TRUE">String</attrtype><attwidth Sync="TRUE">5</attwidth><atprecis Sync="TRUE">0</atprecis><attscale Sync="TRUE">0</attscale></attr><attr><attrlabl Sync="TRUE">subdivisio</attrlabl><attalias Sync="TRUE">subdivisio</attalias><attrtype Sync="TRUE">String</attrtype><attwidth Sync="TRUE">35</attwidth><atprecis Sync="TRUE">0</atprecis><attscale Sync="TRUE">0</attscale></attr><attr><attrlabl Sync="TRUE">subdivis_1</attrlabl><attalias Sync="TRUE">subdivis_1</attalias><attrtype Sync="TRUE">String</attrtype><attwidth Sync="TRUE">10</attwidth><atprecis Sync="TRUE">0</atprecis><attscale Sync="TRUE">0</attscale></attr><attr><attrlabl Sync="TRUE">roadtype</attrlabl><attalias Sync="TRUE">roadtype</attalias><attrtype Sync="TRUE">Integer</attrtype><attwidth Sync="TRUE">10</attwidth><atprecis Sync="TRUE">10</atprecis><attscale Sync="TRUE">0</attscale></attr><attr><attrlabl Sync="TRUE">streetclas</attrlabl><attalias Sync="TRUE">streetclas</attalias><attrtype Sync="TRUE">String</attrtype><attwidth Sync="TRUE">5</attwidth><atprecis Sync="TRUE">0</atprecis><attscale Sync="TRUE">0</attscale></attr><attr><attrlabl Sync="TRUE">mark</attrlabl><attalias Sync="TRUE">mark</attalias><attrtype Sync="TRUE">Integer</attrtype><attwidth Sync="TRUE">10</attwidth><atprecis Sync="TRUE">10</atprecis><attscale Sync="TRUE">0</attscale></attr><attr><attrlabl Sync="TRUE">gps_stat</attrlabl><attalias Sync="TRUE">gps_stat</attalias><attrtype Sync="TRUE">String</attrtype><attwidth Sync="TRUE">15</attwidth><atprecis Sync="TRUE">0</atprecis><attscale Sync="TRUE">0</attscale></attr><attr><attrlabl Sync="TRUE">topo</attrlabl><attalias Sync="TRUE">topo</attalias><attrtype Sync="TRUE">String</attrtype><attwidth Sync="TRUE">5</attwidth><atprecis Sync="TRUE">0</atprecis><attscale Sync="TRUE">0</attscale></attr><attr><attrlabl Sync="TRUE">luesaflag</attrlabl><attalias Sync="TRUE">luesaflag</attalias><attrtype Sync="TRUE">Integer</attrtype><attwidth Sync="TRUE">10</attwidth><atprecis Sync="TRUE">10</atprecis><attscale Sync="TRUE">0</attscale></attr><attr><attrlabl Sync="TRUE">stnamechan</attrlabl><attalias Sync="TRUE">stnamechan</attalias><attrtype Sync="TRUE">Integer</attrtype><attwidth Sync="TRUE">10</attwidth><atprecis Sync="TRUE">10</atprecis><attscale Sync="TRUE">0</attscale></attr><attr><attrlabl Sync="TRUE">barrier</attrlabl><attalias Sync="TRUE">barrier</attalias><attrtype Sync="TRUE">Integer</attrtype><attwidth Sync="TRUE">10</attwidth><atprecis Sync="TRUE">10</atprecis><attscale Sync="TRUE">0</attscale></attr><attr><attrlabl Sync="TRUE">preve911</attrlabl><attalias Sync="TRUE">preve911</attalias><attrtype Sync="TRUE">Integer</attrtype><attwidth Sync="TRUE">10</attwidth><atprecis Sync="TRUE">10</atprecis><attscale Sync="TRUE">0</attscale></attr><attr><attrlabl Sync="TRUE">orige911</attrlabl><attalias Sync="TRUE">orige911</attalias><attrtype Sync="TRUE">Integer</attrtype><attwidth Sync="TRUE">10</attwidth><atprecis Sync="TRUE">10</atprecis><attscale Sync="TRUE">0</attscale></attr><attr><attrlabl Sync="TRUE">lifecycles</attrlabl><attalias Sync="TRUE">lifecycles</attalias><attrtype Sync="TRUE">String</attrtype><attwidth Sync="TRUE">20</attwidth><atprecis Sync="TRUE">0</atprecis><attscale Sync="TRUE">0</attscale></attr><attr><attrlabl Sync="TRUE">divided</attrlabl><attalias Sync="TRUE">divided</attalias><attrtype Sync="TRUE">Integer</attrtype><attwidth Sync="TRUE">10</attwidth><atprecis Sync="TRUE">10</atprecis><attscale Sync="TRUE">0</attscale></attr><attr><attrlabl Sync="TRUE">surfacetyp</attrlabl><attalias Sync="TRUE">surfacetyp</attalias><attrtype Sync="TRUE">Integer</attrtype><attwidth Sync="TRUE">10</attwidth><atprecis Sync="TRUE">10</atprecis><attscale Sync="TRUE">0</attscale></attr><attr><attrlabl Sync="TRUE">numberofla</attrlabl><attalias Sync="TRUE">numberofla</attalias><attrtype Sync="TRUE">Integer</attrtype><attwidth Sync="TRUE">10</attwidth><atprecis Sync="TRUE">10</atprecis><attscale Sync="TRUE">0</attscale></attr><attr><attrlabl Sync="TRUE">hovlane</attrlabl><attalias Sync="TRUE">hovlane</attalias><attrtype Sync="TRUE">Integer</attrtype><attwidth Sync="TRUE">10</attwidth><atprecis Sync="TRUE">10</atprecis><attscale Sync="TRUE">0</attscale></attr><attr><attrlabl Sync="TRUE">thoroughfa</attrlabl><attalias Sync="TRUE">thoroughfa</attalias><attrtype Sync="TRUE">String</attrtype><attwidth Sync="TRUE">10</attwidth><atprecis Sync="TRUE">0</atprecis><attscale Sync="TRUE">0</attscale></attr><attr><attrlabl Sync="TRUE">speedlimit</attrlabl><attalias Sync="TRUE">speedlimit</attalias><attrtype Sync="TRUE">Integer</attrtype><attwidth Sync="TRUE">10</attwidth><atprecis Sync="TRUE">10</atprecis><attscale Sync="TRUE">0</attscale></attr><attr><attrlabl Sync="TRUE">pavementwi</attrlabl><attalias Sync="TRUE">pavementwi</attalias><attrtype Sync="TRUE">Double</attrtype><attwidth Sync="TRUE">19</attwidth><atprecis Sync="TRUE">0</atprecis><attscale Sync="TRUE">0</attscale></attr><attr><attrlabl Sync="TRUE">oneway</attrlabl><attalias Sync="TRUE">oneway</attalias><attrtype Sync="TRUE">Integer</attrtype><attwidth Sync="TRUE">10</attwidth><atprecis Sync="TRUE">10</atprecis><attscale Sync="TRUE">0</attscale></attr><attr><attrlabl Sync="TRUE">speedhump</attrlabl><attalias Sync="TRUE">speedhump</attalias><attrtype Sync="TRUE">Integer</attrtype><attwidth Sync="TRUE">10</attwidth><atprecis Sync="TRUE">10</atprecis><attscale Sync="TRUE">0</attscale></attr><attr><attrlabl Sync="TRUE">median</attrlabl><attalias Sync="TRUE">median</attalias><attrtype Sync="TRUE">Integer</attrtype><attwidth Sync="TRUE">10</attwidth><atprecis Sync="TRUE">10</atprecis><attscale Sync="TRUE">0</attscale></attr><attr><attrlabl Sync="TRUE">hansenstat</attrlabl><attalias Sync="TRUE">hansenstat</attalias><attrtype Sync="TRUE">String</attrtype><attwidth Sync="TRUE">15</attwidth><atprecis Sync="TRUE">0</atprecis><attscale Sync="TRUE">0</attscale></attr><attr><attrlabl Sync="TRUE">comptype</attrlabl><attalias Sync="TRUE">comptype</attalias><attrtype Sync="TRUE">Integer</attrtype><attwidth Sync="TRUE">10</attwidth><atprecis Sync="TRUE">10</atprecis><attscale Sync="TRUE">0</attscale></attr><attr><attrlabl Sync="TRUE">compkey</attrlabl><attalias Sync="TRUE">compkey</attalias><attrtype Sync="TRUE">Integer</attrtype><attwidth Sync="TRUE">10</attwidth><atprecis Sync="TRUE">10</atprecis><attscale Sync="TRUE">0</attscale></attr><attr><attrlabl Sync="TRUE">unitid</attrlabl><attalias Sync="TRUE">unitid</attalias><attrtype Sync="TRUE">String</attrtype><attwidth Sync="TRUE">16</attwidth><atprecis Sync="TRUE">0</atprecis><attscale Sync="TRUE">0</attscale></attr><attr><attrlabl Sync="TRUE">unitid2</attrlabl><attalias Sync="TRUE">unitid2</attalias><attrtype Sync="TRUE">String</attrtype><attwidth Sync="TRUE">16</attwidth><atprecis Sync="TRUE">0</atprecis><attscale Sync="TRUE">0</attscale></attr><attr><attrlabl Sync="TRUE">funitid</attrlabl><attalias Sync="TRUE">funitid</attalias><attrtype Sync="TRUE">String</attrtype><attwidth Sync="TRUE">16</attwidth><atprecis Sync="TRUE">0</atprecis><attscale Sync="TRUE">0</attscale></attr><attr><attrlabl Sync="TRUE">tunitid</attrlabl><attalias Sync="TRUE">tunitid</attalias><attrtype Sync="TRUE">String</attrtype><attwidth Sync="TRUE">16</attwidth><atprecis Sync="TRUE">0</atprecis><attscale Sync="TRUE">0</attscale></attr><attr><attrlabl Sync="TRUE">length</attrlabl><attalias Sync="TRUE">length</attalias><attrtype Sync="TRUE">Double</attrtype><attwidth Sync="TRUE">19</attwidth><atprecis Sync="TRUE">0</atprecis><attscale Sync="TRUE">0</attscale></attr><attr><attrlabl Sync="TRUE">addressnum</attrlabl><attalias Sync="TRUE">addressnum</attalias><attrtype Sync="TRUE">String</attrtype><attwidth Sync="TRUE">4</attwidth><atprecis Sync="TRUE">0</atprecis><attscale Sync="TRUE">0</attscale></attr><attr><attrlabl Sync="TRUE">cfcc</attrlabl><attalias Sync="TRUE">cfcc</attalias><attrtype Sync="TRUE">String</attrtype><attwidth Sync="TRUE">5</attwidth><atprecis Sync="TRUE">0</atprecis><attscale Sync="TRUE">0</attscale></attr><attr><attrlabl Sync="TRUE">maint_by</attrlabl><attalias Sync="TRUE">maint_by</attalias><attrtype Sync="TRUE">String</attrtype><attwidth Sync="TRUE">30</attwidth><atprecis Sync="TRUE">0</atprecis><attscale Sync="TRUE">0</attscale></attr><attr><attrlabl Sync="TRUE">maint_perc</attrlabl><attalias Sync="TRUE">maint_perc</attalias><attrtype Sync="TRUE">Integer</attrtype><attwidth Sync="TRUE">5</attwidth><atprecis Sync="TRUE">5</atprecis><attscale Sync="TRUE">0</attscale></attr><attr><attrlabl Sync="TRUE">pavement_r</attrlabl><attalias Sync="TRUE">pavement_r</attalias><attrtype Sync="TRUE">Integer</attrtype><attwidth Sync="TRUE">5</attwidth><atprecis Sync="TRUE">5</atprecis><attscale Sync="TRUE">0</attscale></attr><attr><attrlabl Sync="TRUE">globalid</attrlabl><attalias Sync="TRUE">globalid</attalias><attrtype Sync="TRUE">String</attrtype><attwidth Sync="TRUE">38</attwidth><atprecis Sync="TRUE">0</atprecis><attscale Sync="TRUE">0</attscale></attr><attr><attrlabl Sync="TRUE">feature_ke</attrlabl><attalias Sync="TRUE">feature_ke</attalias><attrtype Sync="TRUE">Integer</attrtype><attwidth Sync="TRUE">10</attwidth><atprecis Sync="TRUE">10</atprecis><attscale Sync="TRUE">0</attscale></attr><attr><attrlabl Sync="TRUE">street_id</attrlabl><attalias Sync="TRUE">street_id</attalias><attrtype Sync="TRUE">Integer</attrtype><attwidth Sync="TRUE">10</attwidth><atprecis Sync="TRUE">10</atprecis><attscale Sync="TRUE">0</attscale></attr><attr><attrlabl Sync="TRUE">state</attrlabl><attalias Sync="TRUE">state</attalias><attrtype Sync="TRUE">String</attrtype><attwidth Sync="TRUE">2</attwidth><atprecis Sync="TRUE">0</atprecis><attscale Sync="TRUE">0</attscale></attr><attr><attrlabl Sync="TRUE">shape_Leng</attrlabl><attalias Sync="TRUE">shape_Leng</attalias><attrtype Sync="TRUE">Double</attrtype><attwidth Sync="TRUE">19</attwidth><atprecis Sync="TRUE">0</atprecis><attscale Sync="TRUE">0</attscale></attr></detailed></eainfo><mdDateSt Sync="TRUE">20220113</mdDateSt></metadata>
