<?xml version="1.0" encoding="UTF-8"?>
<metadata xml:lang="en"><Esri><CreaDate>20220117</CreaDate><CreaTime>12040200</CreaTime><ArcGISFormat>1.0</ArcGISFormat><ArcGISstyle>FGDC CSDGM Metadata</ArcGISstyle><SyncOnce>FALSE</SyncOnce><DataProperties><lineage><Process ToolSource="c:\program files (x86)\arcgis\desktop10.5\ArcToolbox\Toolboxes\Data Management Tools.tbx\DeleteField" Date="20190830" Time="134334">DeleteField STIPCombinedLines_USE IMPM;Source</Process><Process ToolSource="c:\program files (x86)\arcgis\desktop10.5\ArcToolbox\Toolboxes\Data Management Tools.tbx\TruncateTable" Date="20191112" Time="161920">TruncateTable "S:\TIPUnit\GIS\STIP_Editing\Publication\2020-2029 STIP\2020_2029_STIP_ToGIS_20191112\STIP_2020_2029.gdb\STIPCombinedLines"</Process><Process ToolSource="c:\program files (x86)\arcgis\desktop10.5\ArcToolbox\Toolboxes\Data Management Tools.tbx\AddField" Date="20191112" Time="162116">AddField "S:\TIPUnit\GIS\STIP_Editing\Publication\2020-2029 STIP\2020_2029_STIP_ToGIS_20191112\STIP_2020_2029.gdb\STIPCombinedLines" Counties TEXT # # 255 # NULLABLE NON_REQUIRED #</Process><Process ToolSource="c:\program files (x86)\arcgis\desktop10.5\ArcToolbox\Toolboxes\Data Management Tools.tbx\AddField" Date="20191112" Time="162117">AddField "S:\TIPUnit\GIS\STIP_Editing\Publication\2020-2029 STIP\2020_2029_STIP_ToGIS_20191112\STIP_2020_2029.gdb\STIPCombinedLines" Divisions TEXT # # 255 # NULLABLE NON_REQUIRED #</Process><Process ToolSource="c:\program files (x86)\arcgis\desktop10.5\ArcToolbox\Toolboxes\Data Management Tools.tbx\AddField" Date="20191112" Time="162118">AddField "S:\TIPUnit\GIS\STIP_Editing\Publication\2020-2029 STIP\2020_2029_STIP_ToGIS_20191112\STIP_2020_2029.gdb\STIPCombinedLines" MPOsRPOs TEXT # # 255 # NULLABLE NON_REQUIRED #</Process><Process ToolSource="c:\program files (x86)\arcgis\desktop10.5\ArcToolbox\Toolboxes\Data Management Tools.tbx\AddField" Date="20200114" Time="150611">AddField STIPCombinedLines Counties TEXT # # 255 # NULLABLE NON_REQUIRED #</Process><Process ToolSource="c:\program files (x86)\arcgis\desktop10.5\ArcToolbox\Toolboxes\Data Management Tools.tbx\AddField" Date="20200114" Time="150611">AddField STIPCombinedLines Divisions TEXT # # 255 # NULLABLE NON_REQUIRED #</Process><Process ToolSource="c:\program files (x86)\arcgis\desktop10.5\ArcToolbox\Toolboxes\Data Management Tools.tbx\AddField" Date="20200114" Time="150612">AddField STIPCombinedLines MPOsRPOs TEXT # # 255 # NULLABLE NON_REQUIRED #</Process><Process ToolSource="c:\program files (x86)\arcgis\desktop10.5\ArcToolbox\Toolboxes\Data Management Tools.tbx\TruncateTable" Date="20200115" Time="132652">TruncateTable "S:\TIPUnit\GIS\STIP_Editing\Publication\2020-2029 STIP\2020_2029_STIP_ToGIS_20200114\STIP_2020_2029.gdb\STIPCombinedLines"</Process><Process ToolSource="c:\program files (x86)\arcgis\desktop10.5\ArcToolbox\Toolboxes\Data Management Tools.tbx\TruncateTable" Date="20200227" Time="122950">TruncateTable "S:\TIPUnit\GIS\STIP_Editing\Publication\2020-2029 STIP\2020_2029_STIP_ToGIS_20200227\STIP_2020_2029.gdb\STIPCombinedLines"</Process><Process ToolSource="c:\program files (x86)\arcgis\desktop10.5\ArcToolbox\Toolboxes\Data Management Tools.tbx\TruncateTable" Date="20200513" Time="151143">TruncateTable "S:\TIPUnit\GIS\STIP_Editing\Publication\2020-2029 STIP\2020_2029_STIP_ToGIS_20200508\STIP_2020_2029.gdb\STIPCombinedLines"</Process><Process ToolSource="c:\program files (x86)\arcgis\desktop10.5\ArcToolbox\Toolboxes\Data Management Tools.tbx\TruncateTable" Date="20200610" Time="140520">TruncateTable "S:\TIPUnit\GIS\STIP_Editing\Publication\2020-2029 STIP\2020_2029_STIP_ToGIS_20200609\STIP_2020_2029.gdb\STIPCombinedLines"</Process><Process ToolSource="c:\program files (x86)\arcgis\desktop10.5\ArcToolbox\Toolboxes\Data Management Tools.tbx\TruncateTable" Date="20201021" Time="144418">TruncateTable "S:\TIPUnit\GIS\STIP_Editing\Publication\2020-2029 STIP\2020_2029_STIP_ToGIS_20201020\STIP_2020_2029_20201020.gdb\STIPCombinedLines"</Process><Process ToolSource="c:\program files\arcgis\pro\Resources\ArcToolbox\toolboxes\Conversion Tools.tbx\FeatureClassToFeatureClass" Date="20201116" Time="161053">FeatureClassToFeatureClass "STIPCombinedLines selection" "X:\P\1030106000_CRTPO 2050 MTP\GIS\CRTPO 2050 MTP\CRTPO 2050 MTP_Candidate Projects.gdb" STIP2020to29_Oct2020_CRTPOLines # "TIP "TIP" true true false 10 Text 0 0,First,#,STIPCombinedLines selection,TIP,0,10;SPOTID "SPOTID" true true false 255 Text 0 0,First,#,STIPCombinedLines selection,SPOTID,0,255;Route "Route" true true false 255 Text 0 0,First,#,STIPCombinedLines selection,Route,0,255;Description "Description" true true false 255 Text 0 0,First,#,STIPCombinedLines selection,Description,0,255;Category "Category" true true false 255 Text 0 0,First,#,STIPCombinedLines selection,Category,0,255;Mode "Mode" true true false 255 Text 0 0,First,#,STIPCombinedLines selection,Mode,0,255;RightOfWayYear "Right Of Way Year" true true false 255 Text 0 0,First,#,STIPCombinedLines selection,RightOfWayYear,0,255;ConstructionYear "ConstructionYear" true true false 255 Text 0 0,First,#,STIPCombinedLines selection,ConstructionYear,0,255;COMMENT "COMMENT" true true false 255 Text 0 0,First,#,STIPCombinedLines selection,COMMENT,0,255;ProjectCost "Project Cost" true true false 8 Double 0 0,First,#,STIPCombinedLines selection,ProjectCost,-1,-1;Symbology "Symbology" true true false 100 Text 0 0,First,#,STIPCombinedLines selection,Symbology,0,100;Counties "Counties" true true false 255 Text 0 0,First,#,STIPCombinedLines selection,Counties,0,255;Divisions "Divisions" true true false 255 Text 0 0,First,#,STIPCombinedLines selection,Divisions,0,255;MPOsRPOs "MPOsRPOs" true true false 255 Text 0 0,First,#,STIPCombinedLines selection,MPOsRPOs,0,255;SHAPE_Length "SHAPE_Length" false true true 8 Double 0 0,First,#,STIPCombinedLines selection,SHAPE_Length,-1,-1" #</Process><Process ToolSource="c:\program files\arcgis\pro\Resources\ArcToolbox\toolboxes\Data Management Tools.tbx\UpdateSchema" Date="20201116" Time="214609">UpdateSchema "CIMDATA=&lt;CIMStandardDataConnection xsi:type='typens:CIMStandardDataConnection' xmlns:xsi='http://www.w3.org/2001/XMLSchema-instance' xmlns:xs='http://www.w3.org/2001/XMLSchema' xmlns:typens='http://www.esri.com/schemas/ArcGIS/2.6.0'&gt;&lt;WorkspaceConnectionString&gt;DATABASE=X:\P\1030106000_CRTPO 2050 MTP\GIS\CRTPO 2050 MTP\CRTPO 2050 MTP_Candidate Projects.gdb&lt;/WorkspaceConnectionString&gt;&lt;WorkspaceFactory&gt;FileGDB&lt;/WorkspaceFactory&gt;&lt;Dataset&gt;STIP2020to29_Oct2020_CRTPOLines&lt;/Dataset&gt;&lt;DatasetType&gt;esriDTFeatureClass&lt;/DatasetType&gt;&lt;/CIMStandardDataConnection&gt;" "&lt;operationSequence&gt;&lt;workflow&gt;&lt;AlterField&gt;&lt;field_name&gt;Description&lt;/field_name&gt;&lt;new_field_name&gt;Proj_Desc&lt;/new_field_name&gt;&lt;field_type&gt;TEXT&lt;/field_type&gt;&lt;field_is_nullable&gt;True&lt;/field_is_nullable&gt;&lt;clear_field_alias&gt;False&lt;/clear_field_alias&gt;&lt;/AlterField&gt;&lt;/workflow&gt;&lt;workflow&gt;&lt;AlterField&gt;&lt;field_name&gt;Counties&lt;/field_name&gt;&lt;new_field_name&gt;County&lt;/new_field_name&gt;&lt;field_type&gt;TEXT&lt;/field_type&gt;&lt;field_is_nullable&gt;True&lt;/field_is_nullable&gt;&lt;clear_field_alias&gt;False&lt;/clear_field_alias&gt;&lt;/AlterField&gt;&lt;/workflow&gt;&lt;workflow&gt;&lt;AddField&gt;&lt;field_name&gt;Proj_From&lt;/field_name&gt;&lt;field_type&gt;TEXT&lt;/field_type&gt;&lt;field_length&gt;254&lt;/field_length&gt;&lt;field_alias&gt;Start of Project&lt;/field_alias&gt;&lt;field_is_nullable&gt;True&lt;/field_is_nullable&gt;&lt;field_is_required&gt;False&lt;/field_is_required&gt;&lt;/AddField&gt;&lt;/workflow&gt;&lt;workflow&gt;&lt;AddField&gt;&lt;field_name&gt;Proj_Name&lt;/field_name&gt;&lt;field_type&gt;TEXT&lt;/field_type&gt;&lt;field_length&gt;254&lt;/field_length&gt;&lt;field_alias&gt;Project Name&lt;/field_alias&gt;&lt;field_is_nullable&gt;True&lt;/field_is_nullable&gt;&lt;field_is_required&gt;False&lt;/field_is_required&gt;&lt;/AddField&gt;&lt;/workflow&gt;&lt;workflow&gt;&lt;AddField&gt;&lt;field_name&gt;Proj_To&lt;/field_name&gt;&lt;field_type&gt;TEXT&lt;/field_type&gt;&lt;field_length&gt;254&lt;/field_length&gt;&lt;field_alias&gt;End of Project&lt;/field_alias&gt;&lt;field_is_nullable&gt;True&lt;/field_is_nullable&gt;&lt;field_is_required&gt;False&lt;/field_is_required&gt;&lt;/AddField&gt;&lt;/workflow&gt;&lt;/operationSequence&gt;"</Process><Process ToolSource="c:\program files\arcgis\pro\Resources\ArcToolbox\toolboxes\Data Management Tools.tbx\UpdateSchema" Date="20201116" Time="214656">UpdateSchema "CIMDATA=&lt;CIMStandardDataConnection xsi:type='typens:CIMStandardDataConnection' xmlns:xsi='http://www.w3.org/2001/XMLSchema-instance' xmlns:xs='http://www.w3.org/2001/XMLSchema' xmlns:typens='http://www.esri.com/schemas/ArcGIS/2.6.0'&gt;&lt;WorkspaceConnectionString&gt;DATABASE=X:\P\1030106000_CRTPO 2050 MTP\GIS\CRTPO 2050 MTP\CRTPO 2050 MTP_Candidate Projects.gdb&lt;/WorkspaceConnectionString&gt;&lt;WorkspaceFactory&gt;FileGDB&lt;/WorkspaceFactory&gt;&lt;Dataset&gt;STIP2020to29_Oct2020_CRTPOLines&lt;/Dataset&gt;&lt;DatasetType&gt;esriDTFeatureClass&lt;/DatasetType&gt;&lt;/CIMStandardDataConnection&gt;" "&lt;operationSequence&gt;&lt;workflow&gt;&lt;DeleteField&gt;&lt;field_name&gt;Proj_From&lt;/field_name&gt;&lt;field_name&gt;Proj_Name&lt;/field_name&gt;&lt;field_name&gt;Proj_To&lt;/field_name&gt;&lt;/DeleteField&gt;&lt;/workflow&gt;&lt;workflow&gt;&lt;AddField&gt;&lt;field_name&gt;FOR GIS JOIN -- Committed Roa1&lt;/field_name&gt;&lt;field_type&gt;TEXT&lt;/field_type&gt;&lt;field_length&gt;8000&lt;/field_length&gt;&lt;field_alias&gt;Project_Name&lt;/field_alias&gt;&lt;field_is_nullable&gt;True&lt;/field_is_nullable&gt;&lt;field_is_required&gt;False&lt;/field_is_required&gt;&lt;/AddField&gt;&lt;/workflow&gt;&lt;/operationSequence&gt;"</Process><Process ToolSource="c:\program files\arcgis\pro\Resources\ArcToolbox\toolboxes\Data Management Tools.tbx\UpdateSchema" Date="20201116" Time="214806">UpdateSchema "CIMDATA=&lt;CIMStandardDataConnection xsi:type='typens:CIMStandardDataConnection' xmlns:xsi='http://www.w3.org/2001/XMLSchema-instance' xmlns:xs='http://www.w3.org/2001/XMLSchema' xmlns:typens='http://www.esri.com/schemas/ArcGIS/2.6.0'&gt;&lt;WorkspaceConnectionString&gt;DATABASE=X:\P\1030106000_CRTPO 2050 MTP\GIS\CRTPO 2050 MTP\CRTPO 2050 MTP_Candidate Projects.gdb&lt;/WorkspaceConnectionString&gt;&lt;WorkspaceFactory&gt;FileGDB&lt;/WorkspaceFactory&gt;&lt;Dataset&gt;STIP2020to29_Oct2020_CRTPOLines&lt;/Dataset&gt;&lt;DatasetType&gt;esriDTFeatureClass&lt;/DatasetType&gt;&lt;/CIMStandardDataConnection&gt;" &lt;operationSequence&gt;&lt;workflow&gt;&lt;DeleteField&gt;&lt;field_name&gt;FOR_GIS_JOIN____Committed_Roa1&lt;/field_name&gt;&lt;/DeleteField&gt;&lt;/workflow&gt;&lt;/operationSequence&gt;</Process><Process ToolSource="c:\program files\arcgis\pro\Resources\ArcToolbox\toolboxes\Data Management Tools.tbx\UpdateSchema" Date="20201116" Time="214858">UpdateSchema "CIMDATA=&lt;CIMStandardDataConnection xsi:type='typens:CIMStandardDataConnection' xmlns:xsi='http://www.w3.org/2001/XMLSchema-instance' xmlns:xs='http://www.w3.org/2001/XMLSchema' xmlns:typens='http://www.esri.com/schemas/ArcGIS/2.6.0'&gt;&lt;WorkspaceConnectionString&gt;DATABASE=X:\P\1030106000_CRTPO 2050 MTP\GIS\CRTPO 2050 MTP\CRTPO 2050 MTP_Candidate Projects.gdb&lt;/WorkspaceConnectionString&gt;&lt;WorkspaceFactory&gt;FileGDB&lt;/WorkspaceFactory&gt;&lt;Dataset&gt;STIP2020to29_Oct2020_CRTPOLines&lt;/Dataset&gt;&lt;DatasetType&gt;esriDTFeatureClass&lt;/DatasetType&gt;&lt;/CIMStandardDataConnection&gt;" "&lt;operationSequence&gt;&lt;workflow&gt;&lt;AddField&gt;&lt;field_name&gt;FOR GIS JOIN -- Committed Roa1&lt;/field_name&gt;&lt;field_type&gt;TEXT&lt;/field_type&gt;&lt;field_length&gt;8000&lt;/field_length&gt;&lt;field_alias&gt;From_To&lt;/field_alias&gt;&lt;field_is_nullable&gt;True&lt;/field_is_nullable&gt;&lt;field_is_required&gt;False&lt;/field_is_required&gt;&lt;/AddField&gt;&lt;/workflow&gt;&lt;/operationSequence&gt;"</Process><Process ToolSource="c:\program files\arcgis\pro\Resources\ArcToolbox\toolboxes\Data Management Tools.tbx\UpdateSchema" Date="20201116" Time="214934">UpdateSchema "CIMDATA=&lt;CIMStandardDataConnection xsi:type='typens:CIMStandardDataConnection' xmlns:xsi='http://www.w3.org/2001/XMLSchema-instance' xmlns:xs='http://www.w3.org/2001/XMLSchema' xmlns:typens='http://www.esri.com/schemas/ArcGIS/2.6.0'&gt;&lt;WorkspaceConnectionString&gt;DATABASE=X:\P\1030106000_CRTPO 2050 MTP\GIS\CRTPO 2050 MTP\CRTPO 2050 MTP_Candidate Projects.gdb&lt;/WorkspaceConnectionString&gt;&lt;WorkspaceFactory&gt;FileGDB&lt;/WorkspaceFactory&gt;&lt;Dataset&gt;STIP2020to29_Oct2020_CRTPOLines&lt;/Dataset&gt;&lt;DatasetType&gt;esriDTFeatureClass&lt;/DatasetType&gt;&lt;/CIMStandardDataConnection&gt;" &lt;operationSequence&gt;&lt;workflow&gt;&lt;DeleteField&gt;&lt;field_name&gt;FOR_GIS_JOIN____Committed_Roa1&lt;/field_name&gt;&lt;/DeleteField&gt;&lt;/workflow&gt;&lt;/operationSequence&gt;</Process><Process ToolSource="c:\program files\arcgis\pro\Resources\ArcToolbox\toolboxes\Data Management Tools.tbx\UpdateSchema" Date="20201116" Time="215349">UpdateSchema "CIMDATA=&lt;CIMStandardDataConnection xsi:type='typens:CIMStandardDataConnection' xmlns:xsi='http://www.w3.org/2001/XMLSchema-instance' xmlns:xs='http://www.w3.org/2001/XMLSchema' xmlns:typens='http://www.esri.com/schemas/ArcGIS/2.6.0'&gt;&lt;WorkspaceConnectionString&gt;DATABASE=X:\P\1030106000_CRTPO 2050 MTP\GIS\CRTPO 2050 MTP\CRTPO 2050 MTP_Candidate Projects.gdb&lt;/WorkspaceConnectionString&gt;&lt;WorkspaceFactory&gt;FileGDB&lt;/WorkspaceFactory&gt;&lt;Dataset&gt;STIP2020to29_Oct2020_CRTPOLines&lt;/Dataset&gt;&lt;DatasetType&gt;esriDTFeatureClass&lt;/DatasetType&gt;&lt;/CIMStandardDataConnection&gt;" "&lt;operationSequence&gt;&lt;workflow&gt;&lt;AddField&gt;&lt;field_name&gt;Proj_Name&lt;/field_name&gt;&lt;field_type&gt;TEXT&lt;/field_type&gt;&lt;field_length&gt;254&lt;/field_length&gt;&lt;field_alias&gt;Project Name&lt;/field_alias&gt;&lt;field_is_nullable&gt;True&lt;/field_is_nullable&gt;&lt;field_is_required&gt;False&lt;/field_is_required&gt;&lt;/AddField&gt;&lt;/workflow&gt;&lt;workflow&gt;&lt;AddField&gt;&lt;field_name&gt;Proj_From&lt;/field_name&gt;&lt;field_type&gt;TEXT&lt;/field_type&gt;&lt;field_length&gt;254&lt;/field_length&gt;&lt;field_alias&gt;Start of Project&lt;/field_alias&gt;&lt;field_is_nullable&gt;True&lt;/field_is_nullable&gt;&lt;field_is_required&gt;False&lt;/field_is_required&gt;&lt;/AddField&gt;&lt;/workflow&gt;&lt;workflow&gt;&lt;AddField&gt;&lt;field_name&gt;Proj_To&lt;/field_name&gt;&lt;field_type&gt;TEXT&lt;/field_type&gt;&lt;field_length&gt;254&lt;/field_length&gt;&lt;field_alias&gt;End of Project&lt;/field_alias&gt;&lt;field_is_nullable&gt;True&lt;/field_is_nullable&gt;&lt;field_is_required&gt;False&lt;/field_is_required&gt;&lt;/AddField&gt;&lt;/workflow&gt;&lt;workflow&gt;&lt;AddField&gt;&lt;field_name&gt;ID_2045MTP&lt;/field_name&gt;&lt;field_type&gt;TEXT&lt;/field_type&gt;&lt;field_length&gt;255&lt;/field_length&gt;&lt;field_alias&gt;2045 MTP ID&lt;/field_alias&gt;&lt;field_is_nullable&gt;True&lt;/field_is_nullable&gt;&lt;field_is_required&gt;False&lt;/field_is_required&gt;&lt;/AddField&gt;&lt;/workflow&gt;&lt;workflow&gt;&lt;AddField&gt;&lt;field_name&gt;Geometry&lt;/field_name&gt;&lt;field_type&gt;TEXT&lt;/field_type&gt;&lt;field_length&gt;254&lt;/field_length&gt;&lt;field_alias&gt;Geometry&lt;/field_alias&gt;&lt;field_is_nullable&gt;True&lt;/field_is_nullable&gt;&lt;field_is_required&gt;False&lt;/field_is_required&gt;&lt;field_default_value&gt;New Line&lt;/field_default_value&gt;&lt;/AddField&gt;&lt;/workflow&gt;&lt;/operationSequence&gt;"</Process><Process ToolSource="c:\program files\arcgis\pro\Resources\ArcToolbox\toolboxes\Data Management Tools.tbx\UpdateSchema" Date="20201116" Time="215445">UpdateSchema "CIMDATA=&lt;CIMStandardDataConnection xsi:type='typens:CIMStandardDataConnection' xmlns:xsi='http://www.w3.org/2001/XMLSchema-instance' xmlns:xs='http://www.w3.org/2001/XMLSchema' xmlns:typens='http://www.esri.com/schemas/ArcGIS/2.6.0'&gt;&lt;WorkspaceConnectionString&gt;DATABASE=X:\P\1030106000_CRTPO 2050 MTP\GIS\CRTPO 2050 MTP\CRTPO 2050 MTP_Candidate Projects.gdb&lt;/WorkspaceConnectionString&gt;&lt;WorkspaceFactory&gt;FileGDB&lt;/WorkspaceFactory&gt;&lt;Dataset&gt;STIP2020to29_Oct2020_CRTPOLines&lt;/Dataset&gt;&lt;DatasetType&gt;esriDTFeatureClass&lt;/DatasetType&gt;&lt;/CIMStandardDataConnection&gt;" "&lt;operationSequence&gt;&lt;workflow&gt;&lt;AddField&gt;&lt;field_name&gt;EplusC&lt;/field_name&gt;&lt;field_type&gt;TEXT&lt;/field_type&gt;&lt;field_length&gt;255&lt;/field_length&gt;&lt;field_alias&gt;Existing and Committed&lt;/field_alias&gt;&lt;field_is_nullable&gt;True&lt;/field_is_nullable&gt;&lt;field_is_required&gt;False&lt;/field_is_required&gt;&lt;/AddField&gt;&lt;/workflow&gt;&lt;/operationSequence&gt;"</Process><Process ToolSource="c:\program files\arcgis\pro\Resources\ArcToolbox\toolboxes\Data Management Tools.tbx\UpdateSchema" Date="20201116" Time="215603">UpdateSchema "CIMDATA=&lt;CIMStandardDataConnection xsi:type='typens:CIMStandardDataConnection' xmlns:xsi='http://www.w3.org/2001/XMLSchema-instance' xmlns:xs='http://www.w3.org/2001/XMLSchema' xmlns:typens='http://www.esri.com/schemas/ArcGIS/2.6.0'&gt;&lt;WorkspaceConnectionString&gt;DATABASE=X:\P\1030106000_CRTPO 2050 MTP\GIS\CRTPO 2050 MTP\CRTPO 2050 MTP_Candidate Projects.gdb&lt;/WorkspaceConnectionString&gt;&lt;WorkspaceFactory&gt;FileGDB&lt;/WorkspaceFactory&gt;&lt;Dataset&gt;STIP2020to29_Oct2020_CRTPOLines&lt;/Dataset&gt;&lt;DatasetType&gt;esriDTFeatureClass&lt;/DatasetType&gt;&lt;/CIMStandardDataConnection&gt;" &lt;operationSequence&gt;&lt;workflow&gt;&lt;AssignDomainToField&gt;&lt;field_name&gt;EplusC&lt;/field_name&gt;&lt;domain_name&gt;YesNo&lt;/domain_name&gt;&lt;/AssignDomainToField&gt;&lt;/workflow&gt;&lt;/operationSequence&gt;</Process><Process ToolSource="c:\program files\arcgis\pro\Resources\ArcToolbox\toolboxes\Data Management Tools.tbx\UpdateSchema" Date="20201116" Time="215717">UpdateSchema "CIMDATA=&lt;CIMStandardDataConnection xsi:type='typens:CIMStandardDataConnection' xmlns:xsi='http://www.w3.org/2001/XMLSchema-instance' xmlns:xs='http://www.w3.org/2001/XMLSchema' xmlns:typens='http://www.esri.com/schemas/ArcGIS/2.6.0'&gt;&lt;WorkspaceConnectionString&gt;DATABASE=X:\P\1030106000_CRTPO 2050 MTP\GIS\CRTPO 2050 MTP\CRTPO 2050 MTP_Candidate Projects.gdb&lt;/WorkspaceConnectionString&gt;&lt;WorkspaceFactory&gt;FileGDB&lt;/WorkspaceFactory&gt;&lt;Dataset&gt;STIP2020to29_Oct2020_CRTPOLines&lt;/Dataset&gt;&lt;DatasetType&gt;esriDTFeatureClass&lt;/DatasetType&gt;&lt;/CIMStandardDataConnection&gt;" &lt;operationSequence&gt;&lt;workflow&gt;&lt;AlterField&gt;&lt;field_name&gt;Route&lt;/field_name&gt;&lt;new_field_name&gt;Rte_No&lt;/new_field_name&gt;&lt;field_type&gt;TEXT&lt;/field_type&gt;&lt;field_length&gt;254&lt;/field_length&gt;&lt;field_is_nullable&gt;True&lt;/field_is_nullable&gt;&lt;clear_field_alias&gt;False&lt;/clear_field_alias&gt;&lt;/AlterField&gt;&lt;/workflow&gt;&lt;/operationSequence&gt;</Process><Process ToolSource="c:\program files\arcgis\pro\Resources\ArcToolbox\toolboxes\Data Management Tools.tbx\UpdateSchema" Date="20201116" Time="215759">UpdateSchema "CIMDATA=&lt;CIMStandardDataConnection xsi:type='typens:CIMStandardDataConnection' xmlns:xsi='http://www.w3.org/2001/XMLSchema-instance' xmlns:xs='http://www.w3.org/2001/XMLSchema' xmlns:typens='http://www.esri.com/schemas/ArcGIS/2.6.0'&gt;&lt;WorkspaceConnectionString&gt;DATABASE=X:\P\1030106000_CRTPO 2050 MTP\GIS\CRTPO 2050 MTP\CRTPO 2050 MTP_Candidate Projects.gdb&lt;/WorkspaceConnectionString&gt;&lt;WorkspaceFactory&gt;FileGDB&lt;/WorkspaceFactory&gt;&lt;Dataset&gt;STIP2020to29_Oct2020_CRTPOLines&lt;/Dataset&gt;&lt;DatasetType&gt;esriDTFeatureClass&lt;/DatasetType&gt;&lt;/CIMStandardDataConnection&gt;" &lt;operationSequence&gt;&lt;workflow&gt;&lt;AlterField&gt;&lt;field_name&gt;Route&lt;/field_name&gt;&lt;new_field_name&gt;Rte_No&lt;/new_field_name&gt;&lt;field_type&gt;TEXT&lt;/field_type&gt;&lt;field_length&gt;255&lt;/field_length&gt;&lt;field_is_nullable&gt;True&lt;/field_is_nullable&gt;&lt;clear_field_alias&gt;False&lt;/clear_field_alias&gt;&lt;/AlterField&gt;&lt;/workflow&gt;&lt;/operationSequence&gt;</Process><Process ToolSource="c:\program files\arcgis\pro\Resources\ArcToolbox\toolboxes\Data Management Tools.tbx\UpdateSchema" Date="20201116" Time="215829">UpdateSchema "CIMDATA=&lt;CIMStandardDataConnection xsi:type='typens:CIMStandardDataConnection' xmlns:xsi='http://www.w3.org/2001/XMLSchema-instance' xmlns:xs='http://www.w3.org/2001/XMLSchema' xmlns:typens='http://www.esri.com/schemas/ArcGIS/2.6.0'&gt;&lt;WorkspaceConnectionString&gt;DATABASE=X:\P\1030106000_CRTPO 2050 MTP\GIS\CRTPO 2050 MTP\CRTPO 2050 MTP_Candidate Projects.gdb&lt;/WorkspaceConnectionString&gt;&lt;WorkspaceFactory&gt;FileGDB&lt;/WorkspaceFactory&gt;&lt;Dataset&gt;STIP2020to29_Oct2020_CRTPOLines&lt;/Dataset&gt;&lt;DatasetType&gt;esriDTFeatureClass&lt;/DatasetType&gt;&lt;/CIMStandardDataConnection&gt;" "&lt;operationSequence&gt;&lt;workflow&gt;&lt;AddField&gt;&lt;field_name&gt;Proj_Source&lt;/field_name&gt;&lt;field_type&gt;TEXT&lt;/field_type&gt;&lt;field_length&gt;255&lt;/field_length&gt;&lt;field_alias&gt;Project Source&lt;/field_alias&gt;&lt;field_is_nullable&gt;True&lt;/field_is_nullable&gt;&lt;field_is_required&gt;False&lt;/field_is_required&gt;&lt;/AddField&gt;&lt;/workflow&gt;&lt;/operationSequence&gt;"</Process><Process ToolSource="c:\program files\arcgis\pro\Resources\ArcToolbox\toolboxes\Data Management Tools.tbx\UpdateSchema" Date="20201116" Time="220631">UpdateSchema "CIMDATA=&lt;CIMStandardDataConnection xsi:type='typens:CIMStandardDataConnection' xmlns:xsi='http://www.w3.org/2001/XMLSchema-instance' xmlns:xs='http://www.w3.org/2001/XMLSchema' xmlns:typens='http://www.esri.com/schemas/ArcGIS/2.6.0'&gt;&lt;WorkspaceConnectionString&gt;DATABASE=X:\P\1030106000_CRTPO 2050 MTP\GIS\CRTPO 2050 MTP\CRTPO 2050 MTP_Candidate Projects.gdb&lt;/WorkspaceConnectionString&gt;&lt;WorkspaceFactory&gt;FileGDB&lt;/WorkspaceFactory&gt;&lt;Dataset&gt;STIP2020to29_Oct2020_CRTPOLines&lt;/Dataset&gt;&lt;DatasetType&gt;esriDTFeatureClass&lt;/DatasetType&gt;&lt;/CIMStandardDataConnection&gt;" "&lt;operationSequence&gt;&lt;workflow&gt;&lt;AddField&gt;&lt;field_name&gt;Imp_Type&lt;/field_name&gt;&lt;field_type&gt;TEXT&lt;/field_type&gt;&lt;field_length&gt;255&lt;/field_length&gt;&lt;field_alias&gt;Improvement Type&lt;/field_alias&gt;&lt;field_is_nullable&gt;True&lt;/field_is_nullable&gt;&lt;field_is_required&gt;False&lt;/field_is_required&gt;&lt;field_domain&gt;ImptType_Rdwy&lt;/field_domain&gt;&lt;/AddField&gt;&lt;/workflow&gt;&lt;/operationSequence&gt;"</Process><Process ToolSource="c:\program files\arcgis\pro\Resources\ArcToolbox\toolboxes\Data Management Tools.tbx\CalculateField" Date="20201116" Time="230243">CalculateField STIP\STIP2020to29_Oct2020_CRTPOLines EplusC "No" "Python 3" # Text</Process><Process ToolSource="c:\program files\arcgis\pro\Resources\ArcToolbox\toolboxes\Data Management Tools.tbx\UpdateSchema" Date="20201116" Time="230355">UpdateSchema "CIMDATA=&lt;CIMStandardDataConnection xsi:type='typens:CIMStandardDataConnection' xmlns:xsi='http://www.w3.org/2001/XMLSchema-instance' xmlns:xs='http://www.w3.org/2001/XMLSchema' xmlns:typens='http://www.esri.com/schemas/ArcGIS/2.6.0'&gt;&lt;WorkspaceConnectionString&gt;DATABASE=X:\P\1030106000_CRTPO 2050 MTP\GIS\CRTPO 2050 MTP\CRTPO 2050 MTP_Candidate Projects.gdb&lt;/WorkspaceConnectionString&gt;&lt;WorkspaceFactory&gt;FileGDB&lt;/WorkspaceFactory&gt;&lt;Dataset&gt;STIP2020to29_Oct2020_CRTPOLines&lt;/Dataset&gt;&lt;DatasetType&gt;esriDTFeatureClass&lt;/DatasetType&gt;&lt;/CIMStandardDataConnection&gt;" &lt;operationSequence&gt;&lt;workflow&gt;&lt;RemoveDomainFromField&gt;&lt;field_name&gt;EplusC&lt;/field_name&gt;&lt;/RemoveDomainFromField&gt;&lt;/workflow&gt;&lt;/operationSequence&gt;</Process><Process ToolSource="c:\program files\arcgis\pro\Resources\ArcToolbox\toolboxes\Conversion Tools.tbx\FeatureClassToFeatureClass" Date="20201116" Time="230613">FeatureClassToFeatureClass STIP\STIP2020to29_Oct2020_CRTPOLines "X:\P\1030106000_CRTPO 2050 MTP\GIS\CRTPO 2050 MTP\CRTPO 2050 MTP_Candidate Projects.gdb\WorkingFiles" EplusC_Lines_2020to29STIP # "TIP "TIP" true true false 10 Text 0 0,First,#,STIP\STIP2020to29_Oct2020_CRTPOLines,TIP,0,10;SPOTID "SPOTID" true true false 255 Text 0 0,First,#,STIP\STIP2020to29_Oct2020_CRTPOLines,SPOTID,0,255;Rte_No "Route" true true false 255 Text 0 0,First,#,STIP\STIP2020to29_Oct2020_CRTPOLines,Rte_No,0,255;Proj_Desc "Description" true true false 255 Text 0 0,First,#,STIP\STIP2020to29_Oct2020_CRTPOLines,Proj_Desc,0,255;Category "Category" true true false 255 Text 0 0,First,#,STIP\STIP2020to29_Oct2020_CRTPOLines,Category,0,255;Mode "Mode" true true false 255 Text 0 0,First,#,STIP\STIP2020to29_Oct2020_CRTPOLines,Mode,0,255;RightOfWayYear "Right Of Way Year" true true false 255 Text 0 0,First,#,STIP\STIP2020to29_Oct2020_CRTPOLines,RightOfWayYear,0,255;ConstructionYear "ConstructionYear" true true false 255 Text 0 0,First,#,STIP\STIP2020to29_Oct2020_CRTPOLines,ConstructionYear,0,255;COMMENT "COMMENT" true true false 255 Text 0 0,First,#,STIP\STIP2020to29_Oct2020_CRTPOLines,COMMENT,0,255;ProjectCost "Project Cost" true true false 8 Double 0 0,First,#,STIP\STIP2020to29_Oct2020_CRTPOLines,ProjectCost,-1,-1;Symbology "Symbology" true true false 100 Text 0 0,First,#,STIP\STIP2020to29_Oct2020_CRTPOLines,Symbology,0,100;County "Counties" true true false 255 Text 0 0,First,#,STIP\STIP2020to29_Oct2020_CRTPOLines,County,0,255;Divisions "Divisions" true true false 255 Text 0 0,First,#,STIP\STIP2020to29_Oct2020_CRTPOLines,Divisions,0,255;MPOsRPOs "MPOsRPOs" true true false 255 Text 0 0,First,#,STIP\STIP2020to29_Oct2020_CRTPOLines,MPOsRPOs,0,255;Shape_Length "Shape_Length" false true true 8 Double 0 0,First,#,STIP\STIP2020to29_Oct2020_CRTPOLines,Shape_Length,-1,-1;Proj_Name "Project Name" true true false 254 Text 0 0,First,#,STIP\STIP2020to29_Oct2020_CRTPOLines,Proj_Name,0,254;Proj_From "Start of Project" true true false 254 Text 0 0,First,#,STIP\STIP2020to29_Oct2020_CRTPOLines,Proj_From,0,254;Proj_To "End of Project" true true false 254 Text 0 0,First,#,STIP\STIP2020to29_Oct2020_CRTPOLines,Proj_To,0,254;ID_2045MTP "2045 MTP ID" true true false 255 Text 0 0,First,#,STIP\STIP2020to29_Oct2020_CRTPOLines,ID_2045MTP,0,255;Geometry "Geometry" true true false 254 Text 0 0,First,#,STIP\STIP2020to29_Oct2020_CRTPOLines,Geometry,0,254;EplusC "Existing and Committed" true true false 255 Text 0 0,First,#,STIP\STIP2020to29_Oct2020_CRTPOLines,EplusC,0,255;Proj_Source "Project Source" true true false 255 Text 0 0,First,#,STIP\STIP2020to29_Oct2020_CRTPOLines,Proj_Source,0,255;Imp_Type "Improvement Type" true true false 255 Text 0 0,First,#,STIP\STIP2020to29_Oct2020_CRTPOLines,Imp_Type,0,255" #</Process><Process ToolSource="c:\program files\arcgis\pro\Resources\ArcToolbox\toolboxes\Data Management Tools.tbx\Merge" Date="20201116" Time="232348">Merge EplusC_Lines_2020to29STIP;EplusC_Lines_2045MTP "X:\P\1030106000_CRTPO 2050 MTP\GIS\CRTPO 2050 MTP\CRTPO 2050 MTP_Candidate Projects.gdb\WorkingFiles\EplusC_Lines_STIPandMTP" "TIP "TIP" true true false 10 Text 0 0,First,#,EplusC_Lines_2020to29STIP,TIP,0,10,EplusC_Lines_2045MTP,TIP,0,255;Rte_No "Route" true true false 255 Text 0 0,First,#,EplusC_Lines_2020to29STIP,Rte_No,0,255,EplusC_Lines_2045MTP,Rte_No,0,254;Proj_Desc "Description" true true false 255 Text 0 0,First,#,EplusC_Lines_2020to29STIP,Proj_Desc,0,255,EplusC_Lines_2045MTP,Proj_Desc,0,254;County "Counties" true true false 255 Text 0 0,First,#,EplusC_Lines_2020to29STIP,County,0,255,EplusC_Lines_2045MTP,County,0,254;Proj_Name "Project Name" true true false 254 Text 0 0,First,#,EplusC_Lines_2020to29STIP,Proj_Name,0,254,EplusC_Lines_2045MTP,Proj_Name,0,254;Proj_From "Start of Project" true true false 254 Text 0 0,First,#,EplusC_Lines_2020to29STIP,Proj_From,0,254,EplusC_Lines_2045MTP,Proj_From,0,254;Proj_To "End of Project" true true false 254 Text 0 0,First,#,EplusC_Lines_2020to29STIP,Proj_To,0,254,EplusC_Lines_2045MTP,Proj_To,0,254;ID_2045MTP "2045 MTP ID" true true false 255 Text 0 0,First,#,EplusC_Lines_2020to29STIP,ID_2045MTP,0,255,EplusC_Lines_2045MTP,ID_2045MTP,0,255;Geometry "Geometry" true true false 254 Text 0 0,First,#,EplusC_Lines_2020to29STIP,Geometry,0,254,EplusC_Lines_2045MTP,Geometry,0,254;EplusC "Existing and Committed" true true false 255 Text 0 0,First,#,EplusC_Lines_2020to29STIP,EplusC,0,255,EplusC_Lines_2045MTP,EplusC,0,255;Proj_Source "Project Source" true true false 255 Text 0 0,First,#,EplusC_Lines_2020to29STIP,Proj_Source,0,255,EplusC_Lines_2045MTP,Proj_Source,0,255;Imp_Type "Improvement Type" true true false 255 Text 0 0,First,#,EplusC_Lines_2020to29STIP,Imp_Type,0,255,EplusC_Lines_2045MTP,Imp_Type,0,254;Shape_Length "Shape_Length" false true true 8 Double 0 0,First,#,EplusC_Lines_2020to29STIP,Shape_Length,-1,-1,EplusC_Lines_2045MTP,Shape_Length,-1,-1;Juris "Jurisdiction" true true false 254 Text 0 0,First,#,EplusC_Lines_2045MTP,Juris,0,254;Ln_Exist "Existing Number of Lanes" true true false 254 Text 0 0,First,#,EplusC_Lines_2045MTP,Ln_Exist,0,254;Ln_Prop "Proposed Number of Lanes" true true false 254 Text 0 0,First,#,EplusC_Lines_2045MTP,Ln_Prop,0,254;Bike_Prop "Proposed Bicycle Accommodations" true true false 254 Text 0 0,First,#,EplusC_Lines_2045MTP,Bike_Prop,0,254;Sw_Prop "Proposed Pedestrian Accommodations" true true false 254 Text 0 0,First,#,EplusC_Lines_2045MTP,Sw_Prop,0,254;Proj_Len "Project Length" true true false 254 Text 0 0,First,#,EplusC_Lines_2045MTP,Proj_Len,0,254;Label "Location of Recommended Project" true true false 255 Text 0 0,First,#,EplusC_Lines_2045MTP,Label,0,255;Sort "Sort" true true false 255 Text 0 0,First,#,EplusC_Lines_2045MTP,Sort,0,255" NO_SOURCE_INFO</Process><Process ToolSource="c:\program files\arcgis\pro\Resources\ArcToolbox\toolboxes\Data Management Tools.tbx\CalculateGeometryAttributes" Date="20201116" Time="232840">CalculateGeometryAttributes EplusC_Lines_STIPandMTP "Proj_Len LENGTH" "Miles (United States)" # PROJCS['NAD_1983_2011_StatePlane_North_Carolina_FIPS_3200_Ft_US',GEOGCS['GCS_NAD_1983_2011',DATUM['D_NAD_1983_2011',SPHEROID['GRS_1980',6378137.0,298.257222101]],PRIMEM['Greenwich',0.0],UNIT['Degree',0.0174532925199433]],PROJECTION['Lambert_Conformal_Conic'],PARAMETER['False_Easting',2000000.0],PARAMETER['False_Northing',0.0],PARAMETER['Central_Meridian',-79.0],PARAMETER['Standard_Parallel_1',34.33333333333334],PARAMETER['Standard_Parallel_2',36.16666666666666],PARAMETER['Latitude_Of_Origin',33.75],UNIT['Foot_US',0.3048006096012192]] "Same as input"</Process><Process ToolSource="c:\program files\arcgis\pro\Resources\ArcToolbox\toolboxes\Data Management Tools.tbx\CalculateField" Date="20201116" Time="233501">CalculateField EplusC_Lines_STIPandMTP Label "!Proj_Name! + "[TIP No. " + !TIP! + "] - " + !Juris!" "Python 3" # Text</Process><Process ToolSource="c:\program files\arcgis\pro\Resources\ArcToolbox\toolboxes\Data Management Tools.tbx\CalculateField" Date="20201116" Time="234645">CalculateField EplusC_Lines_STIPandMTP Ln_Exist "--" "Python 3" # Text</Process><Process ToolSource="c:\program files\arcgis\pro\Resources\ArcToolbox\toolboxes\Data Management Tools.tbx\CalculateField" Date="20201116" Time="234704">CalculateField EplusC_Lines_STIPandMTP Ln_Prop "--" "Python 3" # Text</Process><Process ToolSource="c:\program files\arcgis\pro\Resources\ArcToolbox\toolboxes\Data Management Tools.tbx\CalculateField" Date="20201116" Time="234719">CalculateField EplusC_Lines_STIPandMTP Bike_Prop "--" "Python 3" # Text</Process><Process ToolSource="c:\program files\arcgis\pro\Resources\ArcToolbox\toolboxes\Data Management Tools.tbx\CalculateField" Date="20201116" Time="234738">CalculateField EplusC_Lines_STIPandMTP Sw_Prop "--" "Python 3" # Text</Process><Process ToolSource="c:\program files\arcgis\pro\Resources\ArcToolbox\toolboxes\Conversion Tools.tbx\FeatureClassToFeatureClass" Date="20201116" Time="234929">FeatureClassToFeatureClass EplusC_Lines_STIPandMTP "X:\P\1030106000_CRTPO 2050 MTP\GIS\CRTPO 2050 MTP\CRTPO 2050 MTP_Candidate Projects.gdb" CRTPO2050MTP_WidenNewLoc_EC # "TIP "TIP" true true false 10 Text 0 0,First,#,EplusC_Lines_STIPandMTP,TIP,0,10;Rte_No "Route" true true false 255 Text 0 0,First,#,EplusC_Lines_STIPandMTP,Rte_No,0,255;Proj_Desc "Description" true true false 255 Text 0 0,First,#,EplusC_Lines_STIPandMTP,Proj_Desc,0,255;County "Counties" true true false 255 Text 0 0,First,#,EplusC_Lines_STIPandMTP,County,0,255;Proj_Name "Project Name" true true false 254 Text 0 0,First,#,EplusC_Lines_STIPandMTP,Proj_Name,0,254;Proj_From "Start of Project" true true false 254 Text 0 0,First,#,EplusC_Lines_STIPandMTP,Proj_From,0,254;Proj_To "End of Project" true true false 254 Text 0 0,First,#,EplusC_Lines_STIPandMTP,Proj_To,0,254;ID_2045MTP "2045 MTP ID" true true false 255 Text 0 0,First,#,EplusC_Lines_STIPandMTP,ID_2045MTP,0,255;Geometry "Geometry" true true false 254 Text 0 0,First,#,EplusC_Lines_STIPandMTP,Geometry,0,254;EplusC "Existing and Committed" true true false 255 Text 0 0,First,#,EplusC_Lines_STIPandMTP,EplusC,0,255;Proj_Source "Project Source" true true false 255 Text 0 0,First,#,EplusC_Lines_STIPandMTP,Proj_Source,0,255;Imp_Type "Improvement Type" true true false 255 Text 0 0,First,#,EplusC_Lines_STIPandMTP,Imp_Type,0,255;Juris "Jurisdiction" true true false 254 Text 0 0,First,#,EplusC_Lines_STIPandMTP,Juris,0,254;Ln_Exist "Existing Number of Lanes" true true false 254 Text 0 0,First,#,EplusC_Lines_STIPandMTP,Ln_Exist,0,254;Ln_Prop "Proposed Number of Lanes" true true false 254 Text 0 0,First,#,EplusC_Lines_STIPandMTP,Ln_Prop,0,254;Bike_Prop "Proposed Bicycle Accommodations" true true false 254 Text 0 0,First,#,EplusC_Lines_STIPandMTP,Bike_Prop,0,254;Sw_Prop "Proposed Pedestrian Accommodations" true true false 254 Text 0 0,First,#,EplusC_Lines_STIPandMTP,Sw_Prop,0,254;Proj_Len "Project Length" true true false 254 Text 0 0,First,#,EplusC_Lines_STIPandMTP,Proj_Len,0,254;Label "Location of Recommended Project" true true false 255 Text 0 0,First,#,EplusC_Lines_STIPandMTP,Label,0,255;Sort "Sort" true true false 255 Text 0 0,First,#,EplusC_Lines_STIPandMTP,Sort,0,255;Shape_Length "Shape_Length" false true true 8 Double 0 0,First,#,EplusC_Lines_STIPandMTP,Shape_Length,-1,-1" #</Process><Process ToolSource="c:\program files\arcgis\pro\Resources\ArcToolbox\toolboxes\Data Management Tools.tbx\CalculateField" Date="20201117" Time="013840">CalculateField "Ready for Online\CRTPO2050MTP_WidenNewLoc_EC" Label "!Proj_Name! + " [TIP No. - " + !TIP! + "] - " + !Juris!" "Python 3" # Text</Process><Process ToolSource="c:\program files\arcgis\pro\Resources\ArcToolbox\toolboxes\Data Management Tools.tbx\CalculateField" Date="20201117" Time="013947">CalculateField "Ready for Online\CRTPO2050MTP_WidenNewLoc_EC" Sort !Juris!+"-"+!Proj_Name!+"-"+!TIP! "Python 3" # Text</Process><Process ToolSource="c:\program files\arcgis\pro\Resources\ArcToolbox\toolboxes\Data Management Tools.tbx\CalculateGeometryAttributes" Date="20210105" Time="130918">CalculateGeometryAttributes "Candidate Project Submissions\Committed Widening &amp; New Location Projects" "Proj_Len LENGTH" "Miles (United States)" # PROJCS['NAD_1983_2011_StatePlane_North_Carolina_FIPS_3200_Ft_US',GEOGCS['GCS_NAD_1983_2011',DATUM['D_NAD_1983_2011',SPHEROID['GRS_1980',6378137.0,298.257222101]],PRIMEM['Greenwich',0.0],UNIT['Degree',0.0174532925199433]],PROJECTION['Lambert_Conformal_Conic'],PARAMETER['False_Easting',2000000.0],PARAMETER['False_Northing',0.0],PARAMETER['Central_Meridian',-79.0],PARAMETER['Standard_Parallel_1',34.33333333333334],PARAMETER['Standard_Parallel_2',36.16666666666666],PARAMETER['Latitude_Of_Origin',33.75],UNIT['Foot_US',0.3048006096012192]] "Same as input"</Process><Process ToolSource="c:\program files\arcgis\pro\Resources\ArcToolbox\toolboxes\Data Management Tools.tbx\UpdateSchema" Date="20210106" Time="064534">UpdateSchema "CIMDATA=&lt;CIMStandardDataConnection xsi:type='typens:CIMStandardDataConnection' xmlns:xsi='http://www.w3.org/2001/XMLSchema-instance' xmlns:xs='http://www.w3.org/2001/XMLSchema' xmlns:typens='http://www.esri.com/schemas/ArcGIS/2.7.0'&gt;&lt;WorkspaceConnectionString&gt;DATABASE=X:\P\1030106000_CRTPO 2050 MTP\GIS\CRTPO 2050 MTP\CRTPO 2050 MTP_Candidate Projects.gdb&lt;/WorkspaceConnectionString&gt;&lt;WorkspaceFactory&gt;FileGDB&lt;/WorkspaceFactory&gt;&lt;Dataset&gt;CRTPO2050MTP_WidenNewLoc_EC&lt;/Dataset&gt;&lt;DatasetType&gt;esriDTFeatureClass&lt;/DatasetType&gt;&lt;/CIMStandardDataConnection&gt;" &lt;operationSequence&gt;&lt;workflow&gt;&lt;AlterField&gt;&lt;field_name&gt;TIP&lt;/field_name&gt;&lt;field_type&gt;TEXT&lt;/field_type&gt;&lt;field_length&gt;100&lt;/field_length&gt;&lt;field_is_nullable&gt;True&lt;/field_is_nullable&gt;&lt;clear_field_alias&gt;False&lt;/clear_field_alias&gt;&lt;/AlterField&gt;&lt;/workflow&gt;&lt;/operationSequence&gt;</Process><Process ToolSource="c:\program files\arcgis\pro\Resources\ArcToolbox\toolboxes\Data Management Tools.tbx\UpdateSchema" Date="20210106" Time="065018">UpdateSchema "CIMDATA=&lt;CIMStandardDataConnection xsi:type='typens:CIMStandardDataConnection' xmlns:xsi='http://www.w3.org/2001/XMLSchema-instance' xmlns:xs='http://www.w3.org/2001/XMLSchema' xmlns:typens='http://www.esri.com/schemas/ArcGIS/2.7.0'&gt;&lt;WorkspaceConnectionString&gt;DATABASE=X:\P\1030106000_CRTPO 2050 MTP\GIS\CRTPO 2050 MTP\CRTPO 2050 MTP_Candidate Projects.gdb&lt;/WorkspaceConnectionString&gt;&lt;WorkspaceFactory&gt;FileGDB&lt;/WorkspaceFactory&gt;&lt;Dataset&gt;CRTPO2050MTP_WidenNewLoc_EC&lt;/Dataset&gt;&lt;DatasetType&gt;esriDTFeatureClass&lt;/DatasetType&gt;&lt;/CIMStandardDataConnection&gt;" &lt;operationSequence&gt;&lt;workflow&gt;&lt;AlterField&gt;&lt;field_name&gt;TIP&lt;/field_name&gt;&lt;field_type&gt;TEXT&lt;/field_type&gt;&lt;field_length&gt;254&lt;/field_length&gt;&lt;field_is_nullable&gt;True&lt;/field_is_nullable&gt;&lt;clear_field_alias&gt;False&lt;/clear_field_alias&gt;&lt;/AlterField&gt;&lt;/workflow&gt;&lt;/operationSequence&gt;</Process><Process ToolSource="c:\program files\arcgis\pro\Resources\ArcToolbox\toolboxes\Data Management Tools.tbx\UpdateSchema" Date="20210106" Time="065226">UpdateSchema "CIMDATA=&lt;CIMStandardDataConnection xsi:type='typens:CIMStandardDataConnection' xmlns:xsi='http://www.w3.org/2001/XMLSchema-instance' xmlns:xs='http://www.w3.org/2001/XMLSchema' xmlns:typens='http://www.esri.com/schemas/ArcGIS/2.7.0'&gt;&lt;WorkspaceConnectionString&gt;DATABASE=X:\P\1030106000_CRTPO 2050 MTP\GIS\CRTPO 2050 MTP\CRTPO 2050 MTP_Candidate Projects.gdb&lt;/WorkspaceConnectionString&gt;&lt;WorkspaceFactory&gt;FileGDB&lt;/WorkspaceFactory&gt;&lt;Dataset&gt;CRTPO2050MTP_WidenNewLoc_EC&lt;/Dataset&gt;&lt;DatasetType&gt;esriDTFeatureClass&lt;/DatasetType&gt;&lt;/CIMStandardDataConnection&gt;" "&lt;operationSequence&gt;&lt;workflow&gt;&lt;AddField&gt;&lt;field_name&gt;TIP2&lt;/field_name&gt;&lt;field_type&gt;TEXT&lt;/field_type&gt;&lt;field_length&gt;255&lt;/field_length&gt;&lt;field_alias&gt;TIP No2&lt;/field_alias&gt;&lt;field_is_nullable&gt;True&lt;/field_is_nullable&gt;&lt;field_is_required&gt;False&lt;/field_is_required&gt;&lt;/AddField&gt;&lt;/workflow&gt;&lt;/operationSequence&gt;"</Process><Process ToolSource="c:\program files\arcgis\pro\Resources\ArcToolbox\toolboxes\Data Management Tools.tbx\CalculateField" Date="20210106" Time="065322">CalculateField "Candidate Project Submissions\Committed Widening &amp; New Location Projects" TIP2 !TIP! "Python 3" # Text</Process><Process ToolSource="c:\program files\arcgis\pro\Resources\ArcToolbox\toolboxes\Data Management Tools.tbx\CalculateField" Date="20210106" Time="070033">CalculateField "Candidate Project Submissions\Committed Widening &amp; New Location Projects" TIP !TIP2! "Python 3" # Text</Process><Process ToolSource="c:\program files\arcgis\pro\Resources\ArcToolbox\toolboxes\Data Management Tools.tbx\CalculateField" Date="20210106" Time="070056">CalculateField "Candidate Project Submissions\Committed Widening &amp; New Location Projects" TIP2 !TIP! "Python 3" # Text</Process><Process ToolSource="c:\program files\arcgis\pro\Resources\ArcToolbox\toolboxes\Data Management Tools.tbx\UpdateSchema" Date="20210106" Time="070151">UpdateSchema "CIMDATA=&lt;CIMStandardDataConnection xsi:type='typens:CIMStandardDataConnection' xmlns:xsi='http://www.w3.org/2001/XMLSchema-instance' xmlns:xs='http://www.w3.org/2001/XMLSchema' xmlns:typens='http://www.esri.com/schemas/ArcGIS/2.7.0'&gt;&lt;WorkspaceConnectionString&gt;DATABASE=X:\P\1030106000_CRTPO 2050 MTP\GIS\CRTPO 2050 MTP\CRTPO 2050 MTP_Candidate Projects.gdb&lt;/WorkspaceConnectionString&gt;&lt;WorkspaceFactory&gt;FileGDB&lt;/WorkspaceFactory&gt;&lt;Dataset&gt;CRTPO2050MTP_WidenNewLoc_EC&lt;/Dataset&gt;&lt;DatasetType&gt;esriDTFeatureClass&lt;/DatasetType&gt;&lt;/CIMStandardDataConnection&gt;" &lt;operationSequence&gt;&lt;workflow&gt;&lt;DeleteField&gt;&lt;field_name&gt;TIP&lt;/field_name&gt;&lt;/DeleteField&gt;&lt;/workflow&gt;&lt;/operationSequence&gt;</Process><Process ToolSource="c:\program files\arcgis\pro\Resources\ArcToolbox\toolboxes\Data Management Tools.tbx\UpdateSchema" Date="20210106" Time="070216">UpdateSchema "CIMDATA=&lt;CIMStandardDataConnection xsi:type='typens:CIMStandardDataConnection' xmlns:xsi='http://www.w3.org/2001/XMLSchema-instance' xmlns:xs='http://www.w3.org/2001/XMLSchema' xmlns:typens='http://www.esri.com/schemas/ArcGIS/2.7.0'&gt;&lt;WorkspaceConnectionString&gt;DATABASE=X:\P\1030106000_CRTPO 2050 MTP\GIS\CRTPO 2050 MTP\CRTPO 2050 MTP_Candidate Projects.gdb&lt;/WorkspaceConnectionString&gt;&lt;WorkspaceFactory&gt;FileGDB&lt;/WorkspaceFactory&gt;&lt;Dataset&gt;CRTPO2050MTP_WidenNewLoc_EC&lt;/Dataset&gt;&lt;DatasetType&gt;esriDTFeatureClass&lt;/DatasetType&gt;&lt;/CIMStandardDataConnection&gt;" &lt;operationSequence&gt;&lt;workflow&gt;&lt;AlterField&gt;&lt;field_name&gt;TIP2&lt;/field_name&gt;&lt;new_field_name&gt;TIP&lt;/new_field_name&gt;&lt;field_type&gt;TEXT&lt;/field_type&gt;&lt;field_is_nullable&gt;True&lt;/field_is_nullable&gt;&lt;clear_field_alias&gt;False&lt;/clear_field_alias&gt;&lt;/AlterField&gt;&lt;/workflow&gt;&lt;/operationSequence&gt;</Process><Process ToolSource="c:\program files\arcgis\pro\Resources\ArcToolbox\toolboxes\Data Management Tools.tbx\CalculateField" Date="20210106" Time="070937">CalculateField "Candidate Project Submissions\Committed Widening &amp; New Location Projects" Label "!Proj_Name! + " [" + !TIP! + "] - " + !Juris!" "Python 3" # Text</Process><Process ToolSource="c:\program files\arcgis\pro\Resources\ArcToolbox\toolboxes\Data Management Tools.tbx\CalculateField" Date="20210106" Time="071940">CalculateField "Candidate Project Submissions\Committed Widening &amp; New Location Projects" Label "!Proj_Name! + " [TIP No " + !TIP! + "] - " + !Juris!" "Python 3" # Text</Process><Process ToolSource="c:\program files\arcgis\pro\Resources\ArcToolbox\Toolboxes\Data Management Tools.tbx\Rename" Date="20210302" Time="140034">Rename "X:\P\1030106000_CRTPO 2050 MTP\GIS\ArcView Files\Candidate Projects\CRTPO 2050 MTP_Candidate Projects.gdb\CRTPO2050MTP_WidenNewLoc_EC" "X:\P\1030106000_CRTPO 2050 MTP\GIS\ArcView Files\Candidate Projects\CRTPO 2050 MTP_Candidate Projects.gdb\CRTPO2050MTP_WidenNewLoc_CommittedProjects" FeatureClass</Process><Process ToolSource="c:\program files\arcgis\pro\Resources\ArcToolbox\Toolboxes\Data Management Tools.tbx\Rename" Date="20210302" Time="140245">Rename "X:\P\1030106000_CRTPO 2050 MTP\GIS\ArcView Files\Candidate Projects\CRTPO 2050 MTP_Candidate Projects.gdb\CRTPO2050MTP_WidenNewLoc_CommittedProjects" "X:\P\1030106000_CRTPO 2050 MTP\GIS\ArcView Files\Candidate Projects\CRTPO 2050 MTP_Candidate Projects.gdb\CRTPO2050MTP_WidenNewLoc_CommittedProjects20210301" FeatureClass</Process><Process ToolSource="c:\program files\arcgis\pro\Resources\ArcToolbox\Toolboxes\Data Management Tools.tbx\Rename" Date="20210302" Time="140309">Rename "X:\P\1030106000_CRTPO 2050 MTP\GIS\ArcView Files\Candidate Projects\CRTPO 2050 MTP_Candidate Projects.gdb\CRTPO2050MTP_WidenNewLoc_CommittedProjects20210301" "X:\P\1030106000_CRTPO 2050 MTP\GIS\ArcView Files\Candidate Projects\CRTPO 2050 MTP_Candidate Projects.gdb\CRTPO2050MTP_WidenNewLoc_CommittedProjects_20210301" FeatureClass</Process><Process ToolSource="c:\program files\arcgis\pro\Resources\ArcToolbox\toolboxes\Data Management Tools.tbx\CopyMultiple" Date="20210304" Time="095904">CopyMultiple "'X:\P\1030106000_CRTPO 2050 MTP\GIS\ArcView Files\Candidate Projects\CRTPO 2050 MTP_Candidate Projects.gdb\CRTPO2050MTP_CandidateProjects_WidenNewLoc_20210301' FeatureClass;'X:\P\1030106000_CRTPO 2050 MTP\GIS\ArcView Files\Candidate Projects\CRTPO 2050 MTP_Candidate Projects.gdb\CRTPO2050MTP_WidenNewLoc_CommittedProjects_20210301' FeatureClass" "X:\P\1030106000_CRTPO 2050 MTP\GIS\ArcView Files\Candidate Projects\CRTPO 2050 MTP_Candidate Projects.gdb" CRTPO2050MTP_CandidateProjects_WidenNewLoc_20210301_1;CRTPO2050MTP_WidenNewLoc_CommittedProjects_20210301_1 "CRTPO2050MTP_CandidateProjects_WidenNewLoc_20210301 FeatureClass CRTPO2050MTP_CandidateProjects_WidenNewLoc_20210301_1 #;CRTPO2050MTP_WidenNewLoc_CommittedProjects_20210301 FeatureClass CRTPO2050MTP_WidenNewLoc_CommittedProjects_20210301_1 #"</Process><Process ToolSource="c:\program files\arcgis\pro\Resources\ArcToolbox\toolboxes\Data Management Tools.tbx\Rename" Date="20210304" Time="100414">Rename "X:\P\1030106000_CRTPO 2050 MTP\GIS\ArcView Files\Candidate Projects\CRTPO 2050 MTP_Candidate Projects.gdb\CRTPO2050MTP_WidenNewLoc_CommittedProjects_20210301_1" "X:\P\1030106000_CRTPO 2050 MTP\GIS\ArcView Files\Candidate Projects\CRTPO 2050 MTP_Candidate Projects.gdb\CRTPO2050MTP_WidenNewLoc_CommittedProjects_20210305" FeatureClass</Process><Process ToolSource="c:\program files\arcgis\pro\Resources\ArcToolbox\toolboxes\Data Management Tools.tbx\Rename" Date="20210304" Time="100612">Rename "X:\P\1030106000_CRTPO 2050 MTP\GIS\ArcView Files\Candidate Projects\CRTPO 2050 MTP_Candidate Projects.gdb\CRTPO2050MTP_WidenNewLoc_CommittedProjects_20210305" "X:\P\1030106000_CRTPO 2050 MTP\GIS\ArcView Files\Candidate Projects\CRTPO 2050 MTP_Candidate Projects.gdb\CRTPO2050MTP_CommittedProjects_WidenNewLoc_20210305" FeatureClass</Process><Process ToolSource="c:\program files\arcgis\pro\Resources\ArcToolbox\toolboxes\Data Management Tools.tbx\CalculateGeometryAttributes" Date="20210304" Time="104645">CalculateGeometryAttributes CRTPO2050MTP_CommittedProjects_WidenNewLoc_20210305 "Proj_Len LENGTH" "Miles (United States)" # PROJCS['NAD_1983_2011_StatePlane_North_Carolina_FIPS_3200_Ft_US',GEOGCS['GCS_NAD_1983_2011',DATUM['D_NAD_1983_2011',SPHEROID['GRS_1980',6378137.0,298.257222101]],PRIMEM['Greenwich',0.0],UNIT['Degree',0.0174532925199433]],PROJECTION['Lambert_Conformal_Conic'],PARAMETER['False_Easting',2000000.0],PARAMETER['False_Northing',0.0],PARAMETER['Central_Meridian',-79.0],PARAMETER['Standard_Parallel_1',34.33333333333334],PARAMETER['Standard_Parallel_2',36.16666666666666],PARAMETER['Latitude_Of_Origin',33.75],UNIT['Foot_US',0.3048006096012192]] "Same as input"</Process><Process ToolSource="c:\program files\arcgis\pro\Resources\ArcToolbox\toolboxes\Data Management Tools.tbx\CalculateGeometryAttributes" Date="20210317" Time="160137">CalculateGeometryAttributes "Submitted Candidate Projects\CRTPO2050MTP_CommittedProjects_WidenNewLoc_20210305" "Proj_Len LENGTH" "Miles (United States)" # PROJCS['NAD_1983_2011_StatePlane_North_Carolina_FIPS_3200_Ft_US',GEOGCS['GCS_NAD_1983_2011',DATUM['D_NAD_1983_2011',SPHEROID['GRS_1980',6378137.0,298.257222101]],PRIMEM['Greenwich',0.0],UNIT['Degree',0.0174532925199433]],PROJECTION['Lambert_Conformal_Conic'],PARAMETER['False_Easting',2000000.0],PARAMETER['False_Northing',0.0],PARAMETER['Central_Meridian',-79.0],PARAMETER['Standard_Parallel_1',34.33333333333334],PARAMETER['Standard_Parallel_2',36.16666666666666],PARAMETER['Latitude_Of_Origin',33.75],UNIT['Foot_US',0.3048006096012192]] "Same as input"</Process><Process ToolSource="c:\program files\arcgis\pro\Resources\ArcToolbox\Toolboxes\Data Management Tools.tbx\CopyMultiple" Date="20210601" Time="112942">CopyMultiple "'X:\P\1030106000_CRTPO 2050 MTP\GIS\ArcView Files\Candidate Projects\CRTPO 2050 MTP_Candidate Projects.gdb\CRTPO2050MTP_CommittedProjects_IntcIntsc_20210301' FeatureClass;'X:\P\1030106000_CRTPO 2050 MTP\GIS\ArcView Files\Candidate Projects\CRTPO 2050 MTP_Candidate Projects.gdb\CRTPO2050MTP_CommittedProjects_WidenNewLoc_20210305' FeatureClass" "X:\P\1030106000_CRTPO 2050 MTP\GIS\ArcView Files\Candidate Projects\CRTPO 2050 MTP_Candidate Projects.gdb" CRTPO2050MTP_CommittedProjects_IntcIntsc_20210301_1;CRTPO2050MTP_CommittedProjects_WidenNewLoc_20210305_1 "CRTPO2050MTP_CommittedProjects_IntcIntsc_20210301 FeatureClass CRTPO2050MTP_CommittedProjects_IntcIntsc_20210301_1 #;CRTPO2050MTP_CommittedProjects_WidenNewLoc_20210305 FeatureClass CRTPO2050MTP_CommittedProjects_WidenNewLoc_20210305_1 #"</Process><Process ToolSource="c:\program files\arcgis\pro\Resources\ArcToolbox\Toolboxes\Data Management Tools.tbx\Rename" Date="20210601" Time="123348">Rename "X:\P\1030106000_CRTPO 2050 MTP\GIS\ArcView Files\Candidate Projects\CRTPO 2050 MTP_Candidate Projects.gdb\CRTPO2050MTP_CommittedProjects_WidenNewLoc_20210305_1" "X:\P\1030106000_CRTPO 2050 MTP\GIS\ArcView Files\Candidate Projects\CRTPO 2050 MTP_Candidate Projects.gdb\CRTPO2050MTP_CommittedProjects_WidenNewLoc_20210601" FeatureClass</Process><Process ToolSource="c:\program files\arcgis\pro\Resources\ArcToolbox\Toolboxes\Data Management Tools.tbx\UpdateSchema" Date="20210601" Time="123954">UpdateSchema "CIMDATA=&lt;CIMStandardDataConnection xsi:type='typens:CIMStandardDataConnection' xmlns:xsi='http://www.w3.org/2001/XMLSchema-instance' xmlns:xs='http://www.w3.org/2001/XMLSchema' xmlns:typens='http://www.esri.com/schemas/ArcGIS/2.8.0'&gt;&lt;WorkspaceConnectionString&gt;DATABASE=X:\P\1030106000_CRTPO 2050 MTP\GIS\ArcView Files\Candidate Projects\CRTPO 2050 MTP_Candidate Projects.gdb&lt;/WorkspaceConnectionString&gt;&lt;WorkspaceFactory&gt;FileGDB&lt;/WorkspaceFactory&gt;&lt;Dataset&gt;CRTPO2050MTP_CommittedProjects_WidenNewLoc_20210601&lt;/Dataset&gt;&lt;DatasetType&gt;esriDTFeatureClass&lt;/DatasetType&gt;&lt;/CIMStandardDataConnection&gt;" "&lt;operationSequence&gt;&lt;workflow&gt;&lt;AddField&gt;&lt;field_name&gt;TIP_REV&lt;/field_name&gt;&lt;field_type&gt;TEXT&lt;/field_type&gt;&lt;field_length&gt;255&lt;/field_length&gt;&lt;field_alias&gt;TIP Revised&lt;/field_alias&gt;&lt;field_is_nullable&gt;True&lt;/field_is_nullable&gt;&lt;field_is_required&gt;False&lt;/field_is_required&gt;&lt;/AddField&gt;&lt;/workflow&gt;&lt;workflow&gt;&lt;AddField&gt;&lt;field_name&gt;STI&lt;/field_name&gt;&lt;field_type&gt;TEXT&lt;/field_type&gt;&lt;field_length&gt;255&lt;/field_length&gt;&lt;field_alias&gt;STI Category&lt;/field_alias&gt;&lt;field_is_nullable&gt;True&lt;/field_is_nullable&gt;&lt;field_is_required&gt;False&lt;/field_is_required&gt;&lt;/AddField&gt;&lt;/workflow&gt;&lt;workflow&gt;&lt;AddField&gt;&lt;field_name&gt;Proj_LimitsREV&lt;/field_name&gt;&lt;field_type&gt;LONG&lt;/field_type&gt;&lt;field_alias&gt;Projects Limits Revised&lt;/field_alias&gt;&lt;field_is_nullable&gt;True&lt;/field_is_nullable&gt;&lt;field_is_required&gt;False&lt;/field_is_required&gt;&lt;/AddField&gt;&lt;/workflow&gt;&lt;workflow&gt;&lt;AddField&gt;&lt;field_name&gt;Notes_REV&lt;/field_name&gt;&lt;field_type&gt;TEXT&lt;/field_type&gt;&lt;field_length&gt;255&lt;/field_length&gt;&lt;field_alias&gt;20210601 REV Notes FT&lt;/field_alias&gt;&lt;field_is_nullable&gt;True&lt;/field_is_nullable&gt;&lt;field_is_required&gt;False&lt;/field_is_required&gt;&lt;/AddField&gt;&lt;/workflow&gt;&lt;/operationSequence&gt;"</Process><Process ToolSource="c:\program files\arcgis\pro\Resources\ArcToolbox\Toolboxes\Data Management Tools.tbx\UpdateSchema" Date="20210601" Time="124204">UpdateSchema "CIMDATA=&lt;CIMStandardDataConnection xsi:type='typens:CIMStandardDataConnection' xmlns:xsi='http://www.w3.org/2001/XMLSchema-instance' xmlns:xs='http://www.w3.org/2001/XMLSchema' xmlns:typens='http://www.esri.com/schemas/ArcGIS/2.8.0'&gt;&lt;WorkspaceConnectionString&gt;DATABASE=X:\P\1030106000_CRTPO 2050 MTP\GIS\ArcView Files\Candidate Projects\CRTPO 2050 MTP_Candidate Projects.gdb&lt;/WorkspaceConnectionString&gt;&lt;WorkspaceFactory&gt;FileGDB&lt;/WorkspaceFactory&gt;&lt;Dataset&gt;CRTPO2050MTP_CommittedProjects_WidenNewLoc_20210601&lt;/Dataset&gt;&lt;DatasetType&gt;esriDTFeatureClass&lt;/DatasetType&gt;&lt;/CIMStandardDataConnection&gt;" "&lt;operationSequence&gt;&lt;workflow&gt;&lt;AddField&gt;&lt;field_name&gt;KeepRemoveREV&lt;/field_name&gt;&lt;field_type&gt;TEXT&lt;/field_type&gt;&lt;field_length&gt;255&lt;/field_length&gt;&lt;field_alias&gt;Keep of Remove?&lt;/field_alias&gt;&lt;field_is_nullable&gt;True&lt;/field_is_nullable&gt;&lt;field_is_required&gt;False&lt;/field_is_required&gt;&lt;/AddField&gt;&lt;/workflow&gt;&lt;/operationSequence&gt;"</Process><Process ToolSource="c:\program files\arcgis\pro\Resources\ArcToolbox\Toolboxes\Data Management Tools.tbx\DeleteField" Date="20210601" Time="132348">DeleteField "Committed Roadway Projects\CRTPO2050MTP_CommittedProjects_WidenNewLoc_20210601" Proj_LimitsREV</Process><Process ToolSource="c:\program files\arcgis\pro\Resources\ArcToolbox\toolboxes\Data Management Tools.tbx\UpdateSchema" Date="20210602" Time="091849">UpdateSchema "CIMDATA=&lt;CIMStandardDataConnection xsi:type='typens:CIMStandardDataConnection' xmlns:xsi='http://www.w3.org/2001/XMLSchema-instance' xmlns:xs='http://www.w3.org/2001/XMLSchema' xmlns:typens='http://www.esri.com/schemas/ArcGIS/2.8.0'&gt;&lt;WorkspaceConnectionString&gt;DATABASE=X:\P\1030106000_CRTPO 2050 MTP\GIS\ArcView Files\Candidate Projects\CRTPO 2050 MTP_Candidate Projects.gdb&lt;/WorkspaceConnectionString&gt;&lt;WorkspaceFactory&gt;FileGDB&lt;/WorkspaceFactory&gt;&lt;Dataset&gt;CRTPO2050MTP_CommittedProjects_WidenNewLoc_20210601&lt;/Dataset&gt;&lt;DatasetType&gt;esriDTFeatureClass&lt;/DatasetType&gt;&lt;/CIMStandardDataConnection&gt;" &lt;operationSequence&gt;&lt;workflow&gt;&lt;AddField&gt;&lt;field_name&gt;POINT_X&lt;/field_name&gt;&lt;field_type&gt;DOUBLE&lt;/field_type&gt;&lt;field_alias&gt;POINT_X&lt;/field_alias&gt;&lt;field_is_nullable&gt;True&lt;/field_is_nullable&gt;&lt;field_is_required&gt;False&lt;/field_is_required&gt;&lt;/AddField&gt;&lt;/workflow&gt;&lt;workflow&gt;&lt;AddField&gt;&lt;field_name&gt;POINT_Y&lt;/field_name&gt;&lt;field_type&gt;DOUBLE&lt;/field_type&gt;&lt;field_alias&gt;POINT_Y&lt;/field_alias&gt;&lt;field_is_nullable&gt;True&lt;/field_is_nullable&gt;&lt;field_is_required&gt;False&lt;/field_is_required&gt;&lt;/AddField&gt;&lt;/workflow&gt;&lt;/operationSequence&gt;</Process><Process ToolSource="c:\program files\arcgis\pro\Resources\ArcToolbox\toolboxes\Data Management Tools.tbx\UpdateSchema" Date="20210602" Time="102513">UpdateSchema "CIMDATA=&lt;CIMStandardDataConnection xsi:type='typens:CIMStandardDataConnection' xmlns:xsi='http://www.w3.org/2001/XMLSchema-instance' xmlns:xs='http://www.w3.org/2001/XMLSchema' xmlns:typens='http://www.esri.com/schemas/ArcGIS/2.8.0'&gt;&lt;WorkspaceConnectionString&gt;DATABASE=X:\P\1030106000_CRTPO 2050 MTP\GIS\ArcView Files\Candidate Projects\CRTPO 2050 MTP_Candidate Projects.gdb&lt;/WorkspaceConnectionString&gt;&lt;WorkspaceFactory&gt;FileGDB&lt;/WorkspaceFactory&gt;&lt;Dataset&gt;CRTPO2050MTP_CommittedProjects_WidenNewLoc_20210601&lt;/Dataset&gt;&lt;DatasetType&gt;esriDTFeatureClass&lt;/DatasetType&gt;&lt;/CIMStandardDataConnection&gt;" "&lt;operationSequence&gt;&lt;workflow&gt;&lt;AddField&gt;&lt;field_name&gt;ID_2050MTP&lt;/field_name&gt;&lt;field_type&gt;TEXT&lt;/field_type&gt;&lt;field_length&gt;255&lt;/field_length&gt;&lt;field_alias&gt;2050 MTP ID&lt;/field_alias&gt;&lt;field_is_nullable&gt;True&lt;/field_is_nullable&gt;&lt;field_is_required&gt;False&lt;/field_is_required&gt;&lt;/AddField&gt;&lt;/workflow&gt;&lt;/operationSequence&gt;"</Process><Process ToolSource="c:\program files\arcgis\pro\Resources\ArcToolbox\toolboxes\Data Management Tools.tbx\CalculateGeometryAttributes" Date="20210602" Time="115955">CalculateGeometryAttributes "Committed Roadway Projects\CRTPO2050MTP_CommittedProjects_WidenNewLoc_20210601" "Proj_Len LENGTH" "Miles (United States)" # PROJCS["NAD_1983_2011_StatePlane_North_Carolina_FIPS_3200_Ft_US",GEOGCS["GCS_NAD_1983_2011",DATUM["D_NAD_1983_2011",SPHEROID["GRS_1980",6378137.0,298.257222101]],PRIMEM["Greenwich",0.0],UNIT["Degree",0.0174532925199433]],PROJECTION["Lambert_Conformal_Conic"],PARAMETER["False_Easting",2000000.0],PARAMETER["False_Northing",0.0],PARAMETER["Central_Meridian",-79.0],PARAMETER["Standard_Parallel_1",34.33333333333334],PARAMETER["Standard_Parallel_2",36.16666666666666],PARAMETER["Latitude_Of_Origin",33.75],UNIT["Foot_US",0.3048006096012192]] "Same as input"</Process><Process ToolSource="c:\program files\arcgis\pro\Resources\ArcToolbox\toolboxes\Data Management Tools.tbx\CalculateGeometryAttributes" Date="20210602" Time="121520">CalculateGeometryAttributes "Committed Roadway Projects\CRTPO2050MTP_CommittedProjects_WidenNewLoc_20210601" "Proj_Len LENGTH" "Miles (United States)" # PROJCS["NAD_1983_2011_StatePlane_North_Carolina_FIPS_3200_Ft_US",GEOGCS["GCS_NAD_1983_2011",DATUM["D_NAD_1983_2011",SPHEROID["GRS_1980",6378137.0,298.257222101]],PRIMEM["Greenwich",0.0],UNIT["Degree",0.0174532925199433]],PROJECTION["Lambert_Conformal_Conic"],PARAMETER["False_Easting",2000000.0],PARAMETER["False_Northing",0.0],PARAMETER["Central_Meridian",-79.0],PARAMETER["Standard_Parallel_1",34.33333333333334],PARAMETER["Standard_Parallel_2",36.16666666666666],PARAMETER["Latitude_Of_Origin",33.75],UNIT["Foot_US",0.3048006096012192]] "Same as input"</Process><Process ToolSource="c:\program files\arcgis\pro\Resources\ArcToolbox\toolboxes\Data Management Tools.tbx\DeleteField" Date="20210602" Time="133038">DeleteField "Committed Roadway Projects\CRTPO2050MTP_CommittedProjects_WidenNewLoc_20210601" Notes_REV;ID_2045MTP;County;Proj_Desc;Proj_To;EplusC;Ln_Exist;Geometry;Imp_Type;Juris;KeepRemoveREV;Label;POINT_X;POINT_Y;Proj_Len;Proj_Name;Proj_Source;Bike_Prop;Ln_Prop;Sw_Prop;Rte_No;Sort;Proj_From;STI;TIP;TIP_REV</Process><Process ToolSource="c:\program files\arcgis\pro\Resources\ArcToolbox\toolboxes\Data Management Tools.tbx\JoinField" Date="20210602" Time="140441">JoinField "Committed Roadway Projects\CRTPO2050MTP_CommittedProjects_WidenNewLoc_20210601" ID_2050MTP 'For GIS Attributes$' F2050_ID F2050_MTP_Final_Status;F2050_MTP_Tier_I___Accessibilit;F2050_MTP_Tier_I___Congestion_S;F2050_MTP_Tier_I___Safety_Score;F2050_MTP_Tier_I___Status;F2050_MTP_Tier_I___Status2;F2050_MTP_Tier_I___Total_Score;F2050_MTP_Total_Score;County;End_of_Project;Existing_Lanes;ID_Combined;Improvement_Type;Jurisdiction;Other_Funds_in_2022_Dollars;Project_Cost_to_NCDOT_in_2022_D;Project_Description;Project_Length__miles_;Project_Name;Proposed_Lanes;Route_No;Start_of_Project;STI_Category;Tier_II_BC_Score;Tier_II_Comm_Resources_Score;Tier_II_EJ_Score;Tier_II_Eq_Access_Score;Tier_II_Hist_Resources_Score;Tier_II_Nat_Resources_Score;Tier_II_Sys_Connect_Score;Tier_II_Total_Score;TIP_No;Total_Project_Cost_in_2022_Doll</Process><Process ToolSource="c:\program files\arcgis\pro\Resources\ArcToolbox\toolboxes\Data Management Tools.tbx\UpdateSchema" Date="20210602" Time="220324">UpdateSchema "CIMDATA=&lt;CIMStandardDataConnection xsi:type='typens:CIMStandardDataConnection' xmlns:xsi='http://www.w3.org/2001/XMLSchema-instance' xmlns:xs='http://www.w3.org/2001/XMLSchema' xmlns:typens='http://www.esri.com/schemas/ArcGIS/2.8.0'&gt;&lt;WorkspaceConnectionString&gt;DATABASE=X:\P\1030106000_CRTPO 2050 MTP\GIS\ArcView Files\Candidate Projects\CRTPO 2050 MTP_Candidate Projects.gdb&lt;/WorkspaceConnectionString&gt;&lt;WorkspaceFactory&gt;FileGDB&lt;/WorkspaceFactory&gt;&lt;Dataset&gt;CRTPO2050MTP_CommittedProjects_WidenNewLoc_20210601&lt;/Dataset&gt;&lt;DatasetType&gt;esriDTFeatureClass&lt;/DatasetType&gt;&lt;/CIMStandardDataConnection&gt;" &lt;operationSequence&gt;&lt;workflow&gt;&lt;AddField&gt;&lt;field_name&gt;F2050_MTP_Final_Status_Filter&lt;/field_name&gt;&lt;field_type&gt;TEXT&lt;/field_type&gt;&lt;field_length&gt;255&lt;/field_length&gt;&lt;field_alias&gt;F2050_MTP_Final_Status_Filter&lt;/field_alias&gt;&lt;field_is_nullable&gt;True&lt;/field_is_nullable&gt;&lt;field_is_required&gt;False&lt;/field_is_required&gt;&lt;/AddField&gt;&lt;/workflow&gt;&lt;/operationSequence&gt;</Process><Process ToolSource="c:\program files\arcgis\pro\Resources\ArcToolbox\toolboxes\Data Management Tools.tbx\CalculateField" Date="20210602" Time="220348">CalculateField "Committed Roadway Projects\CRTPO2050MTP_CommittedProjects_WidenNewLoc_20210601" F2050_MTP_Final_Status_Filter "Committed" "Python 3" # Text NO_ENFORCE_DOMAINS</Process><Process ToolSource="c:\program files\arcgis\pro\Resources\ArcToolbox\toolboxes\Data Management Tools.tbx\CalculateField" Date="20210603" Time="092141">CalculateField "Committed Roadway Projects\CRTPO2050MTP_CommittedProjects_WidenNewLoc_20210601" F2050_MTP_Final_Status_Filter "FC" "Python 3" # Text NO_ENFORCE_DOMAINS</Process><Process ToolSource="c:\program files\arcgis\pro\Resources\ArcToolbox\toolboxes\Data Management Tools.tbx\CalculateGeometryAttributes" Date="20210608" Time="073425">CalculateGeometryAttributes "Committed Roadway Projects\CRTPO2050MTP_CommittedProjects_WidenNewLoc_20210601" "Project_Length__miles_ LENGTH" "Miles (United States)" # # "Same as input"</Process><Process ToolSource="c:\program files\arcgis\pro\Resources\ArcToolbox\toolboxes\Data Management Tools.tbx\CalculateGeometryAttributes" Date="20210610" Time="153329">CalculateGeometryAttributes "Committed Roadway Projects\CRTPO2050MTP_CommittedProjects_WidenNewLoc_20210601" "Project_Length__miles_ LENGTH" "Miles (United States)" # PROJCS["NAD_1983_2011_StatePlane_North_Carolina_FIPS_3200_Ft_US",GEOGCS["GCS_NAD_1983_2011",DATUM["D_NAD_1983_2011",SPHEROID["GRS_1980",6378137.0,298.257222101]],PRIMEM["Greenwich",0.0],UNIT["Degree",0.0174532925199433]],PROJECTION["Lambert_Conformal_Conic"],PARAMETER["False_Easting",2000000.0],PARAMETER["False_Northing",0.0],PARAMETER["Central_Meridian",-79.0],PARAMETER["Standard_Parallel_1",34.33333333333334],PARAMETER["Standard_Parallel_2",36.16666666666666],PARAMETER["Latitude_Of_Origin",33.75],UNIT["Foot_US",0.3048006096012192]] "Same as input"</Process><Process ToolSource="c:\program files\arcgis\pro\Resources\ArcToolbox\toolboxes\Data Management Tools.tbx\CalculateField" Date="20210614" Time="141549">CalculateField "Committed Roadway Projects\CRTPO2050MTP_CommittedProjects_WidenNewLoc_20210601" Total_Project_Cost_in_2022_Doll 0 "Python 3" # Text NO_ENFORCE_DOMAINS</Process><Process ToolSource="c:\program files\arcgis\pro\Resources\ArcToolbox\Toolboxes\Data Management Tools.tbx\CopyMultiple" Date="20210715" Time="110714">CopyMultiple "'C:\Users\tannerf\OneDrive - RSandH\VDI\Desktop (VDI)\20210616_CRTPO 2050 MTP_Candidate Projects.gdb\CRTPO2050MTP_CommittedProjects_WidenNewLoc_20210601' FeatureClass" "X:\P\1030106000_CRTPO 2050 MTP\GIS\ArcView Files\Candidate Projects\CRTPO 2050 MTP_Candidate Projects.gdb" CRTPO2050MTP_CommittedProjects_WidenNewLoc_20210601_1 "CRTPO2050MTP_CommittedProjects_WidenNewLoc_20210601 FeatureClass CRTPO2050MTP_CommittedProjects_WidenNewLoc_20210601_1 #"</Process><Process ToolSource="c:\program files\arcgis\pro\Resources\ArcToolbox\toolboxes\Data Management Tools.tbx\UpdateSchema" Date="20210802" Time="094136">UpdateSchema "CIMDATA=&lt;CIMStandardDataConnection xsi:type='typens:CIMStandardDataConnection' xmlns:xsi='http://www.w3.org/2001/XMLSchema-instance' xmlns:xs='http://www.w3.org/2001/XMLSchema' xmlns:typens='http://www.esri.com/schemas/ArcGIS/2.8.0'&gt;&lt;WorkspaceConnectionString&gt;DATABASE=X:\P\1030106000_CRTPO 2050 MTP\GIS\ArcView Files\Candidate Projects\CRTPO 2050 MTP_Candidate Projects.gdb&lt;/WorkspaceConnectionString&gt;&lt;WorkspaceFactory&gt;FileGDB&lt;/WorkspaceFactory&gt;&lt;Dataset&gt;CRTPO2050MTP_CommittedProjects_WidenNewLoc_20210601&lt;/Dataset&gt;&lt;DatasetType&gt;esriDTFeatureClass&lt;/DatasetType&gt;&lt;/CIMStandardDataConnection&gt;" &lt;operationSequence&gt;&lt;workflow&gt;&lt;AddField&gt;&lt;field_name&gt;Project_Sheet_Rotation&lt;/field_name&gt;&lt;field_type&gt;DOUBLE&lt;/field_type&gt;&lt;field_alias&gt;Project_Sheet_Rotation&lt;/field_alias&gt;&lt;field_is_nullable&gt;True&lt;/field_is_nullable&gt;&lt;field_is_required&gt;False&lt;/field_is_required&gt;&lt;/AddField&gt;&lt;/workflow&gt;&lt;/operationSequence&gt;</Process><Process ToolSource="c:\program files\arcgis\pro\Resources\ArcToolbox\toolboxes\Data Management Tools.tbx\CalculateField" Date="20210802" Time="094234">CalculateField CRTPO2050MTP_CommittedProjects_WidenNewLoc_20210601 Project_Sheet_Rotation 0 "Python 3" # Text NO_ENFORCE_DOMAINS</Process><Process ToolSource="c:\program files\arcgis\pro\Resources\ArcToolbox\toolboxes\Conversion Tools.tbx\FeatureClassToFeatureClass" Date="20220114" Time="101647">FeatureClassToFeatureClass CRTPO2050MTP_CommittedProjects_WidenNewLoc_20210601 "X:\P\1030106000_CRTPO 2050 MTP\GIS\ArcView Files\CRTPO 2050 MTP Projects.gdb" committedlines # "ID_2050MTP "2050 MTP ID" true true false 255 Text 0 0,First,#,CRTPO2050MTP_CommittedProjects_WidenNewLoc_20210601,ID_2050MTP,0,255;Shape_Length "Shape_Length" false true true 8 Double 0 0,First,#,CRTPO2050MTP_CommittedProjects_WidenNewLoc_20210601,Shape_Length,-1,-1" #</Process><Process ToolSource="c:\program files\arcgis\pro\Resources\ArcToolbox\toolboxes\Data Management Tools.tbx\Merge" Date="20220114" Time="102741">Merge committedlines;candidatelines "X:\P\1030106000_CRTPO 2050 MTP\GIS\ArcView Files\CRTPO 2050 MTP Projects.gdb\CRTPO_2050_MTP_All_WideningNewLocation_Projects" "Shape_Length "Shape_Length" false true true 8 Double 0 0,First,#,committedlines,Shape_Length,-1,-1,candidatelines,Shape_Length,-1,-1;F2050_ID "2050 ID" true true false 255 Text 0 0,First,#,candidatelines,F2050_ID,0,255,committedlines,ID_2050MTP,0,255" NO_SOURCE_INFO</Process><Process ToolSource="c:\program files\arcgis\pro\Resources\ArcToolbox\toolboxes\Data Management Tools.tbx\JoinField" Date="20220117" Time="094557">JoinField CRTPO_2050_MTP_All_WideningNewLocation_Projects F2050_ID 'CRTPO 2050 MTP Master GIS Table$' F2050_ID F2045_MTP_ID_Reference;F2050_MTP_Final_Status;F2050_MTP_Submission_Source;F2050_MTP_Submitting_Jurisdicti;County;End_of_Project;Exempt;Exempt_Note;Existing_Lanes;Functional_Class;Funding_Note;Future_Dollars_Year;Horizon_Year;Improvement_Type;Jurisdiction;Other_Funds_in_2022_Dollars;Project_Cost_to_NCDOT_in_2022_D;Project_Description;Project_Length__miles_;Project_Name;Proposed_Lanes;Regional_Significance;Route_No;Start_of_Project;STI_Category;Tier_I___Tier_II_Total_Score;Tier_I_Accessibility_Score;Tier_I_Congestion_Score;Tier_I_Safety_Score;Tier_I_Status;Tier_I_Status___Improvement_Typ;Tier_I_Total_Score;Tier_II_Benefit_Cost_Score;Tier_II_Community_Resource_Scor;Tier_II_EJ_Score;Tier_II_Equitable_Access_Score;Tier_II_Historic_Resource;Tier_II_Natural_Resource_Score;Tier_II_System_Connectivity_Sco;Tier_II_Total_Score;TIP_No;Total_Project_Cost_in_2022_Doll;Total_Project_Cost_in_Future_HY;Total_Project_Cost_in_Future__1</Process><Process ToolSource="c:\program files\arcgis\pro\Resources\ArcToolbox\toolboxes\Conversion Tools.tbx\FeatureClassToFeatureClass" Date="20220117" Time="095914">FeatureClassToFeatureClass CRTPO_2050_MTP_All_WideningNewLocation_Projects "X:\P\1030106000_CRTPO 2050 MTP\GIS\ArcView Files\CRTPO 2050 MTP Projects.gdb" CRTPO_2050_MTP_FC_WideningNewLocation_Projects # "F2050_ID "2050 ID" true true false 255 Text 0 0,First,#,CRTPO_2050_MTP_All_WideningNewLocation_Projects,F2050_ID,0,255;Shape_Length "Shape_Length" false true true 8 Double 0 0,First,#,CRTPO_2050_MTP_All_WideningNewLocation_Projects,Shape_Length,-1,-1;F2045_MTP_ID_Reference "2045 MTP ID Reference" true true false 255 Text 0 0,First,#,CRTPO_2050_MTP_All_WideningNewLocation_Projects,F2045_MTP_ID_Reference,0,255;F2050_MTP_Submission_Source "2050 MTP Submission Source" true true false 255 Text 0 0,First,#,CRTPO_2050_MTP_All_WideningNewLocation_Projects,F2050_MTP_Submission_Source,0,255;F2050_MTP_Submitting_Jurisdicti "2050 MTP Submitting Jurisdiction" true true false 255 Text 0 0,First,#,CRTPO_2050_MTP_All_WideningNewLocation_Projects,F2050_MTP_Submitting_Jurisdicti,0,255;TIP_No "TIP No" true true false 255 Text 0 0,First,#,CRTPO_2050_MTP_All_WideningNewLocation_Projects,TIP_No,0,255;Project_Name "Project Name" true true false 255 Text 0 0,First,#,CRTPO_2050_MTP_All_WideningNewLocation_Projects,Project_Name,0,255;Jurisdiction "Jurisdiction" true true false 255 Text 0 0,First,#,CRTPO_2050_MTP_All_WideningNewLocation_Projects,Jurisdiction,0,255;County "County" true true false 255 Text 0 0,First,#,CRTPO_2050_MTP_All_WideningNewLocation_Projects,County,0,255;STI_Category "STI Category" true true false 255 Text 0 0,First,#,CRTPO_2050_MTP_All_WideningNewLocation_Projects,STI_Category,0,255;Route_No "Route No" true true false 255 Text 0 0,First,#,CRTPO_2050_MTP_All_WideningNewLocation_Projects,Route_No,0,255;Start_of_Project "Start of Project" true true false 255 Text 0 0,First,#,CRTPO_2050_MTP_All_WideningNewLocation_Projects,Start_of_Project,0,255;End_of_Project "End of Project" true true false 255 Text 0 0,First,#,CRTPO_2050_MTP_All_WideningNewLocation_Projects,End_of_Project,0,255;Project_Length__miles_ "Project Length (miles)" true true false 255 Text 0 0,First,#,CRTPO_2050_MTP_All_WideningNewLocation_Projects,Project_Length__miles_,0,255;Improvement_Type "Improvement Type" true true false 255 Text 0 0,First,#,CRTPO_2050_MTP_All_WideningNewLocation_Projects,Improvement_Type,0,255;Existing_Lanes "Existing Lanes" true true false 255 Text 0 0,First,#,CRTPO_2050_MTP_All_WideningNewLocation_Projects,Existing_Lanes,0,255;Proposed_Lanes "Proposed Lanes" true true false 255 Text 0 0,First,#,CRTPO_2050_MTP_All_WideningNewLocation_Projects,Proposed_Lanes,0,255;Project_Description "Project Description" true true false 255 Text 0 0,First,#,CRTPO_2050_MTP_All_WideningNewLocation_Projects,Project_Description,0,255;Regional_Significance "Regional Significance" true true false 255 Text 0 0,First,#,CRTPO_2050_MTP_All_WideningNewLocation_Projects,Regional_Significance,0,255;Exempt "Exempt" true true false 255 Text 0 0,First,#,CRTPO_2050_MTP_All_WideningNewLocation_Projects,Exempt,0,255;Exempt_Note "Exempt Note" true true false 255 Text 0 0,First,#,CRTPO_2050_MTP_All_WideningNewLocation_Projects,Exempt_Note,0,255;Functional_Class "Functional Class" true true false 255 Text 0 0,First,#,CRTPO_2050_MTP_All_WideningNewLocation_Projects,Functional_Class,0,255;Tier_I_Congestion_Score "Tier I Congestion Score" true true false 255 Text 0 0,First,#,CRTPO_2050_MTP_All_WideningNewLocation_Projects,Tier_I_Congestion_Score,0,255;Tier_I_Safety_Score "Tier I Safety Score" true true false 255 Text 0 0,First,#,CRTPO_2050_MTP_All_WideningNewLocation_Projects,Tier_I_Safety_Score,0,255;Tier_I_Accessibility_Score "Tier I Accessibility Score" true true false 255 Text 0 0,First,#,CRTPO_2050_MTP_All_WideningNewLocation_Projects,Tier_I_Accessibility_Score,0,255;Tier_I_Total_Score "Tier I Total Score" true true false 255 Text 0 0,First,#,CRTPO_2050_MTP_All_WideningNewLocation_Projects,Tier_I_Total_Score,0,255;Tier_I_Status "Tier I Status" true true false 255 Text 0 0,First,#,CRTPO_2050_MTP_All_WideningNewLocation_Projects,Tier_I_Status,0,255;Tier_I_Status___Improvement_Typ "Tier I Status + Improvement Type" true true false 255 Text 0 0,First,#,CRTPO_2050_MTP_All_WideningNewLocation_Projects,Tier_I_Status___Improvement_Typ,0,255;Tier_II_EJ_Score "Tier II EJ Score" true true false 255 Text 0 0,First,#,CRTPO_2050_MTP_All_WideningNewLocation_Projects,Tier_II_EJ_Score,0,255;Tier_II_Equitable_Access_Score "Tier II Equitable Access Score" true true false 255 Text 0 0,First,#,CRTPO_2050_MTP_All_WideningNewLocation_Projects,Tier_II_Equitable_Access_Score,0,255;Tier_II_Natural_Resource_Score "Tier II Natural Resource Score" true true false 255 Text 0 0,First,#,CRTPO_2050_MTP_All_WideningNewLocation_Projects,Tier_II_Natural_Resource_Score,0,255;Tier_II_Historic_Resource "Tier II Historic Resource" true true false 255 Text 0 0,First,#,CRTPO_2050_MTP_All_WideningNewLocation_Projects,Tier_II_Historic_Resource,0,255;Tier_II_Community_Resource_Scor "Tier II Community Resource Score" true true false 255 Text 0 0,First,#,CRTPO_2050_MTP_All_WideningNewLocation_Projects,Tier_II_Community_Resource_Scor,0,255;Tier_II_System_Connectivity_Sco "Tier II System Connectivity Score" true true false 255 Text 0 0,First,#,CRTPO_2050_MTP_All_WideningNewLocation_Projects,Tier_II_System_Connectivity_Sco,0,255;Tier_II_Benefit_Cost_Score "Tier II Benefit Cost Score" true true false 255 Text 0 0,First,#,CRTPO_2050_MTP_All_WideningNewLocation_Projects,Tier_II_Benefit_Cost_Score,0,255;Tier_II_Total_Score "Tier II Total Score" true true false 255 Text 0 0,First,#,CRTPO_2050_MTP_All_WideningNewLocation_Projects,Tier_II_Total_Score,0,255;Tier_I___Tier_II_Total_Score "Tier I + Tier II Total Score" true true false 255 Text 0 0,First,#,CRTPO_2050_MTP_All_WideningNewLocation_Projects,Tier_I___Tier_II_Total_Score,0,255;Project_Cost_to_NCDOT_in_2022_D "Project Cost to NCDOT in 2022 Dollars" true true false 8 Double 0 0,First,#,CRTPO_2050_MTP_All_WideningNewLocation_Projects,Project_Cost_to_NCDOT_in_2022_D,-1,-1;Other_Funds_in_2022_Dollars "Other Funds in 2022 Dollars" true true false 8 Double 0 0,First,#,CRTPO_2050_MTP_All_WideningNewLocation_Projects,Other_Funds_in_2022_Dollars,-1,-1;Total_Project_Cost_in_2022_Doll "Total Project Cost in 2022 Dollars" true true false 8 Double 0 0,First,#,CRTPO_2050_MTP_All_WideningNewLocation_Projects,Total_Project_Cost_in_2022_Doll,-1,-1;Total_Project_Cost_in_Future_HY "Total Project Cost in Future HY Dollars" true true false 8 Double 0 0,First,#,CRTPO_2050_MTP_All_WideningNewLocation_Projects,Total_Project_Cost_in_Future_HY,-1,-1;Total_Project_Cost_in_Future__1 "Total Project Cost in Future HY Dollars, $M" true true false 255 Text 0 0,First,#,CRTPO_2050_MTP_All_WideningNewLocation_Projects,Total_Project_Cost_in_Future__1,0,255;Future_Dollars_Year "Future Dollars Year" true true false 255 Text 0 0,First,#,CRTPO_2050_MTP_All_WideningNewLocation_Projects,Future_Dollars_Year,0,255;Funding_Note "Funding Note" true true false 255 Text 0 0,First,#,CRTPO_2050_MTP_All_WideningNewLocation_Projects,Funding_Note,0,255;F2050_MTP_Final_Status "2050 MTP Final Status" true true false 255 Text 0 0,First,#,CRTPO_2050_MTP_All_WideningNewLocation_Projects,F2050_MTP_Final_Status,0,255;Horizon_Year "Horizon Year" true true false 255 Text 0 0,First,#,CRTPO_2050_MTP_All_WideningNewLocation_Projects,Horizon_Year,0,255" #</Process><Process ToolSource="c:\program files (x86)\arcgis\desktop10.8\ArcToolbox\Toolboxes\Analysis Tools.tbx\Clip" Date="20220117" Time="110838">Clip 2050MTP_FC_WidNewLocation_projects TownBoundary "X:\Admin_Non Project\NC\Business Development\Conferences\ITE Sandbox Competition_2022\Shapefiles\Roadway_Bus_Train_Greenway_SUP\MTP FC Roadway Projects\2050MTP_FC_WidNewLocation_projects2.shp" #</Process></lineage><itemProps><itemLocation><linkage Sync="TRUE">file://\\rsandh.com\files\Transportation\Admin_Non Project\NC\Business Development\Conferences\ITE Sandbox Competition_2022\Shapefiles\Roadway_Bus_Train_Greenway_SUP\MTP FC Roadway Projects\2050MTP_FC_WidNewLocation_projects2.shp</linkage><protocol Sync="TRUE">Local Area Network</protocol></itemLocation><itemName Sync="TRUE">2050MTP_FC_WidNewLocation_projects2</itemName><imsContentType Sync="TRUE">002</imsContentType><itemSize Sync="TRUE">0.000</itemSize></itemProps><coordRef><type Sync="TRUE">Projected</type><geogcsn Sync="TRUE">GCS_North_American_1983</geogcsn><csUnits Sync="TRUE">Linear Unit: Foot_US (0.304801)</csUnits><projcsn Sync="TRUE">NAD_1983_StatePlane_North_Carolina_FIPS_3200_Feet</projcsn><peXml Sync="TRUE">&lt;ProjectedCoordinateSystem xsi:type='typens:ProjectedCoordinateSystem' xmlns:xsi='http://www.w3.org/2001/XMLSchema-instance' xmlns:xs='http://www.w3.org/2001/XMLSchema' xmlns:typens='http://www.esri.com/schemas/ArcGIS/10.8'&gt;&lt;WKT&gt;PROJCS[&amp;quot;NAD_1983_StatePlane_North_Carolina_FIPS_3200_Feet&amp;quot;,GEOGCS[&amp;quot;GCS_North_American_1983&amp;quot;,DATUM[&amp;quot;D_North_American_1983&amp;quot;,SPHEROID[&amp;quot;GRS_1980&amp;quot;,6378137.0,298.257222101]],PRIMEM[&amp;quot;Greenwich&amp;quot;,0.0],UNIT[&amp;quot;Degree&amp;quot;,0.0174532925199433]],PROJECTION[&amp;quot;Lambert_Conformal_Conic&amp;quot;],PARAMETER[&amp;quot;False_Easting&amp;quot;,2000000.002616666],PARAMETER[&amp;quot;False_Northing&amp;quot;,0.0],PARAMETER[&amp;quot;Central_Meridian&amp;quot;,-79.0],PARAMETER[&amp;quot;Standard_Parallel_1&amp;quot;,34.33333333333334],PARAMETER[&amp;quot;Standard_Parallel_2&amp;quot;,36.16666666666666],PARAMETER[&amp;quot;Latitude_Of_Origin&amp;quot;,33.75],UNIT[&amp;quot;Foot_US&amp;quot;,0.3048006096012192]],VERTCS[&amp;quot;NAVD_1988_Foot_US&amp;quot;,VDATUM[&amp;quot;North_American_Vertical_Datum_1988&amp;quot;],PARAMETER[&amp;quot;Vertical_Shift&amp;quot;,0.0],PARAMETER[&amp;quot;Direction&amp;quot;,1.0],UNIT[&amp;quot;Foot_US&amp;quot;,0.3048006096012192]]&lt;/WKT&gt;&lt;XOrigin&gt;-121841900&lt;/XOrigin&gt;&lt;YOrigin&gt;-93659000&lt;/YOrigin&gt;&lt;XYScale&gt;36365718.124241434&lt;/XYScale&gt;&lt;ZOrigin&gt;-100000&lt;/ZOrigin&gt;&lt;ZScale&gt;3048.0060960121923&lt;/ZScale&gt;&lt;MOrigin&gt;-100000&lt;/MOrigin&gt;&lt;MScale&gt;10000&lt;/MScale&gt;&lt;XYTolerance&gt;0.0032808333333333331&lt;/XYTolerance&gt;&lt;ZTolerance&gt;0.0032808333333333331&lt;/ZTolerance&gt;&lt;MTolerance&gt;0.001&lt;/MTolerance&gt;&lt;HighPrecision&gt;true&lt;/HighPrecision&gt;&lt;WKID&gt;102719&lt;/WKID&gt;&lt;LatestWKID&gt;2264&lt;/LatestWKID&gt;&lt;VCSWKID&gt;105703&lt;/VCSWKID&gt;&lt;LatestVCSWKID&gt;6360&lt;/LatestVCSWKID&gt;&lt;/ProjectedCoordinateSystem&gt;</peXml></coordRef></DataProperties><SyncDate>20220117</SyncDate><SyncTime>11083700</SyncTime><ModDate>20220117</ModDate><ModTime>11083700</ModTime></Esri><dataIdInfo><envirDesc Sync="TRUE"> Version 6.2 (Build 9200) ; Esri ArcGIS 10.8.1.14362</envirDesc><dataLang><languageCode value="eng" Sync="TRUE"></languageCode><countryCode value="USA" Sync="TRUE"></countryCode></dataLang><idCitation><resTitle Sync="TRUE">2050MTP_FC_WidNewLocation_projects2</resTitle><presForm><PresFormCd value="005" Sync="TRUE"></PresFormCd></presForm></idCitation><spatRpType><SpatRepTypCd value="001" Sync="TRUE"></SpatRepTypCd></spatRpType></dataIdInfo><mdLang><languageCode value="eng" Sync="TRUE"></languageCode><countryCode value="USA" Sync="TRUE"></countryCode></mdLang><distInfo><distFormat><formatName Sync="TRUE">Shapefile</formatName></distFormat><distTranOps><transSize Sync="TRUE">0.000</transSize></distTranOps></distInfo><mdHrLv><ScopeCd value="005" Sync="TRUE"></ScopeCd></mdHrLv><mdHrLvName Sync="TRUE">dataset</mdHrLvName><refSysInfo><RefSystem><refSysID><identCode code="2264" Sync="TRUE"></identCode><idCodeSpace Sync="TRUE">EPSG</idCodeSpace><idVersion Sync="TRUE">6.12(9.0.0)</idVersion></refSysID></RefSystem></refSysInfo><spatRepInfo><VectSpatRep><geometObjs Name="2050MTP_FC_WidNewLocation_projects2"><geoObjTyp><GeoObjTypCd value="002" Sync="TRUE"></GeoObjTypCd></geoObjTyp><geoObjCnt Sync="TRUE">0</geoObjCnt></geometObjs><topLvl><TopoLevCd value="001" Sync="TRUE"></TopoLevCd></topLvl></VectSpatRep></spatRepInfo><spdoinfo><ptvctinf><esriterm Name="2050MTP_FC_WidNewLocation_projects2"><efeatyp Sync="TRUE">Simple</efeatyp><efeageom code="3" Sync="TRUE"></efeageom><esritopo Sync="TRUE">FALSE</esritopo><efeacnt Sync="TRUE">0</efeacnt><spindex Sync="TRUE">FALSE</spindex><linrefer Sync="TRUE">FALSE</linrefer></esriterm></ptvctinf></spdoinfo><eainfo><detailed Name="2050MTP_FC_WidNewLocation_projects2"><enttyp><enttypl Sync="TRUE">2050MTP_FC_WidNewLocation_projects2</enttypl><enttypt Sync="TRUE">Feature Class</enttypt><enttypc Sync="TRUE">0</enttypc></enttyp><attr><attrlabl Sync="TRUE">FID</attrlabl><attalias Sync="TRUE">FID</attalias><attrtype Sync="TRUE">OID</attrtype><attwidth Sync="TRUE">4</attwidth><atprecis Sync="TRUE">0</atprecis><attscale Sync="TRUE">0</attscale><attrdef Sync="TRUE">Internal feature number.</attrdef><attrdefs Sync="TRUE">Esri</attrdefs><attrdomv><udom Sync="TRUE">Sequential unique whole numbers that are automatically generated.</udom></attrdomv></attr><attr><attrlabl Sync="TRUE">OBJECTID</attrlabl><attalias Sync="TRUE">OBJECTID</attalias><attrtype Sync="TRUE">Integer</attrtype><attwidth Sync="TRUE">10</attwidth><atprecis Sync="TRUE">10</atprecis><attscale Sync="TRUE">0</attscale><attrdef Sync="TRUE">Internal feature number.</attrdef><attrdefs Sync="TRUE">Esri</attrdefs><attrdomv><udom Sync="TRUE">Sequential unique whole numbers that are automatically generated.</udom></attrdomv></attr><attr><attrlabl Sync="TRUE">Shape</attrlabl><attalias Sync="TRUE">Shape</attalias><attrtype Sync="TRUE">Geometry</attrtype><attwidth Sync="TRUE">0</attwidth><atprecis Sync="TRUE">0</atprecis><attscale Sync="TRUE">0</attscale><attrdef Sync="TRUE">Feature geometry.</attrdef><attrdefs Sync="TRUE">Esri</attrdefs><attrdomv><udom Sync="TRUE">Coordinates defining the features.</udom></attrdomv></attr><attr><attrlabl Sync="TRUE">F2050_ID</attrlabl><attalias Sync="TRUE">F2050_ID</attalias><attrtype Sync="TRUE">String</attrtype><attwidth Sync="TRUE">254</attwidth><atprecis Sync="TRUE">0</atprecis><attscale Sync="TRUE">0</attscale></attr><attr><attrlabl Sync="TRUE">F2045_MTP_</attrlabl><attalias Sync="TRUE">F2045_MTP_</attalias><attrtype Sync="TRUE">String</attrtype><attwidth Sync="TRUE">254</attwidth><atprecis Sync="TRUE">0</atprecis><attscale Sync="TRUE">0</attscale></attr><attr><attrlabl Sync="TRUE">F2050_MTP_</attrlabl><attalias Sync="TRUE">F2050_MTP_</attalias><attrtype Sync="TRUE">String</attrtype><attwidth Sync="TRUE">254</attwidth><atprecis Sync="TRUE">0</atprecis><attscale Sync="TRUE">0</attscale></attr><attr><attrlabl Sync="TRUE">F2050_MTP1</attrlabl><attalias Sync="TRUE">F2050_MTP1</attalias><attrtype Sync="TRUE">String</attrtype><attwidth Sync="TRUE">254</attwidth><atprecis Sync="TRUE">0</atprecis><attscale Sync="TRUE">0</attscale></attr><attr><attrlabl Sync="TRUE">TIP_No</attrlabl><attalias Sync="TRUE">TIP_No</attalias><attrtype Sync="TRUE">String</attrtype><attwidth Sync="TRUE">254</attwidth><atprecis Sync="TRUE">0</atprecis><attscale Sync="TRUE">0</attscale></attr><attr><attrlabl Sync="TRUE">Project_Na</attrlabl><attalias Sync="TRUE">Project_Na</attalias><attrtype Sync="TRUE">String</attrtype><attwidth Sync="TRUE">254</attwidth><atprecis Sync="TRUE">0</atprecis><attscale Sync="TRUE">0</attscale></attr><attr><attrlabl Sync="TRUE">Jurisdicti</attrlabl><attalias Sync="TRUE">Jurisdicti</attalias><attrtype Sync="TRUE">String</attrtype><attwidth Sync="TRUE">254</attwidth><atprecis Sync="TRUE">0</atprecis><attscale Sync="TRUE">0</attscale></attr><attr><attrlabl Sync="TRUE">County</attrlabl><attalias Sync="TRUE">County</attalias><attrtype Sync="TRUE">String</attrtype><attwidth Sync="TRUE">254</attwidth><atprecis Sync="TRUE">0</atprecis><attscale Sync="TRUE">0</attscale></attr><attr><attrlabl Sync="TRUE">STI_Catego</attrlabl><attalias Sync="TRUE">STI_Catego</attalias><attrtype Sync="TRUE">String</attrtype><attwidth Sync="TRUE">254</attwidth><atprecis Sync="TRUE">0</atprecis><attscale Sync="TRUE">0</attscale></attr><attr><attrlabl Sync="TRUE">Route_No</attrlabl><attalias Sync="TRUE">Route_No</attalias><attrtype Sync="TRUE">String</attrtype><attwidth Sync="TRUE">254</attwidth><atprecis Sync="TRUE">0</atprecis><attscale Sync="TRUE">0</attscale></attr><attr><attrlabl Sync="TRUE">Start_of_P</attrlabl><attalias Sync="TRUE">Start_of_P</attalias><attrtype Sync="TRUE">String</attrtype><attwidth Sync="TRUE">254</attwidth><atprecis Sync="TRUE">0</atprecis><attscale Sync="TRUE">0</attscale></attr><attr><attrlabl Sync="TRUE">End_of_Pro</attrlabl><attalias Sync="TRUE">End_of_Pro</attalias><attrtype Sync="TRUE">String</attrtype><attwidth Sync="TRUE">254</attwidth><atprecis Sync="TRUE">0</atprecis><attscale Sync="TRUE">0</attscale></attr><attr><attrlabl Sync="TRUE">Project_Le</attrlabl><attalias Sync="TRUE">Project_Le</attalias><attrtype Sync="TRUE">String</attrtype><attwidth Sync="TRUE">254</attwidth><atprecis Sync="TRUE">0</atprecis><attscale Sync="TRUE">0</attscale></attr><attr><attrlabl Sync="TRUE">Improvemen</attrlabl><attalias Sync="TRUE">Improvemen</attalias><attrtype Sync="TRUE">String</attrtype><attwidth Sync="TRUE">254</attwidth><atprecis Sync="TRUE">0</atprecis><attscale Sync="TRUE">0</attscale></attr><attr><attrlabl Sync="TRUE">Existing_L</attrlabl><attalias Sync="TRUE">Existing_L</attalias><attrtype Sync="TRUE">String</attrtype><attwidth Sync="TRUE">254</attwidth><atprecis Sync="TRUE">0</atprecis><attscale Sync="TRUE">0</attscale></attr><attr><attrlabl Sync="TRUE">Proposed_L</attrlabl><attalias Sync="TRUE">Proposed_L</attalias><attrtype Sync="TRUE">String</attrtype><attwidth Sync="TRUE">254</attwidth><atprecis Sync="TRUE">0</atprecis><attscale Sync="TRUE">0</attscale></attr><attr><attrlabl Sync="TRUE">Project_De</attrlabl><attalias Sync="TRUE">Project_De</attalias><attrtype Sync="TRUE">String</attrtype><attwidth Sync="TRUE">254</attwidth><atprecis Sync="TRUE">0</atprecis><attscale Sync="TRUE">0</attscale></attr><attr><attrlabl Sync="TRUE">Regional_S</attrlabl><attalias Sync="TRUE">Regional_S</attalias><attrtype Sync="TRUE">String</attrtype><attwidth Sync="TRUE">254</attwidth><atprecis Sync="TRUE">0</atprecis><attscale Sync="TRUE">0</attscale></attr><attr><attrlabl Sync="TRUE">Exempt</attrlabl><attalias Sync="TRUE">Exempt</attalias><attrtype Sync="TRUE">String</attrtype><attwidth Sync="TRUE">254</attwidth><atprecis Sync="TRUE">0</atprecis><attscale Sync="TRUE">0</attscale></attr><attr><attrlabl Sync="TRUE">Exempt_Not</attrlabl><attalias Sync="TRUE">Exempt_Not</attalias><attrtype Sync="TRUE">String</attrtype><attwidth Sync="TRUE">254</attwidth><atprecis Sync="TRUE">0</atprecis><attscale Sync="TRUE">0</attscale></attr><attr><attrlabl Sync="TRUE">Functional</attrlabl><attalias Sync="TRUE">Functional</attalias><attrtype Sync="TRUE">String</attrtype><attwidth Sync="TRUE">254</attwidth><atprecis Sync="TRUE">0</atprecis><attscale Sync="TRUE">0</attscale></attr><attr><attrlabl Sync="TRUE">Tier_I_Con</attrlabl><attalias Sync="TRUE">Tier_I_Con</attalias><attrtype Sync="TRUE">String</attrtype><attwidth Sync="TRUE">254</attwidth><atprecis Sync="TRUE">0</atprecis><attscale Sync="TRUE">0</attscale></attr><attr><attrlabl Sync="TRUE">Tier_I_Saf</attrlabl><attalias Sync="TRUE">Tier_I_Saf</attalias><attrtype Sync="TRUE">String</attrtype><attwidth Sync="TRUE">254</attwidth><atprecis Sync="TRUE">0</atprecis><attscale Sync="TRUE">0</attscale></attr><attr><attrlabl Sync="TRUE">Tier_I_Acc</attrlabl><attalias Sync="TRUE">Tier_I_Acc</attalias><attrtype Sync="TRUE">String</attrtype><attwidth Sync="TRUE">254</attwidth><atprecis Sync="TRUE">0</atprecis><attscale Sync="TRUE">0</attscale></attr><attr><attrlabl Sync="TRUE">Tier_I_Tot</attrlabl><attalias Sync="TRUE">Tier_I_Tot</attalias><attrtype Sync="TRUE">String</attrtype><attwidth Sync="TRUE">254</attwidth><atprecis Sync="TRUE">0</atprecis><attscale Sync="TRUE">0</attscale></attr><attr><attrlabl Sync="TRUE">Tier_I_Sta</attrlabl><attalias Sync="TRUE">Tier_I_Sta</attalias><attrtype Sync="TRUE">String</attrtype><attwidth Sync="TRUE">254</attwidth><atprecis Sync="TRUE">0</atprecis><attscale Sync="TRUE">0</attscale></attr><attr><attrlabl Sync="TRUE">Tier_I_S_1</attrlabl><attalias Sync="TRUE">Tier_I_S_1</attalias><attrtype Sync="TRUE">String</attrtype><attwidth Sync="TRUE">254</attwidth><atprecis Sync="TRUE">0</atprecis><attscale Sync="TRUE">0</attscale></attr><attr><attrlabl Sync="TRUE">Tier_II_EJ</attrlabl><attalias Sync="TRUE">Tier_II_EJ</attalias><attrtype Sync="TRUE">String</attrtype><attwidth Sync="TRUE">254</attwidth><atprecis Sync="TRUE">0</atprecis><attscale Sync="TRUE">0</attscale></attr><attr><attrlabl Sync="TRUE">Tier_II_Eq</attrlabl><attalias Sync="TRUE">Tier_II_Eq</attalias><attrtype Sync="TRUE">String</attrtype><attwidth Sync="TRUE">254</attwidth><atprecis Sync="TRUE">0</atprecis><attscale Sync="TRUE">0</attscale></attr><attr><attrlabl Sync="TRUE">Tier_II_Na</attrlabl><attalias Sync="TRUE">Tier_II_Na</attalias><attrtype Sync="TRUE">String</attrtype><attwidth Sync="TRUE">254</attwidth><atprecis Sync="TRUE">0</atprecis><attscale Sync="TRUE">0</attscale></attr><attr><attrlabl Sync="TRUE">Tier_II_Hi</attrlabl><attalias Sync="TRUE">Tier_II_Hi</attalias><attrtype Sync="TRUE">String</attrtype><attwidth Sync="TRUE">254</attwidth><atprecis Sync="TRUE">0</atprecis><attscale Sync="TRUE">0</attscale></attr><attr><attrlabl Sync="TRUE">Tier_II_Co</attrlabl><attalias Sync="TRUE">Tier_II_Co</attalias><attrtype Sync="TRUE">String</attrtype><attwidth Sync="TRUE">254</attwidth><atprecis Sync="TRUE">0</atprecis><attscale Sync="TRUE">0</attscale></attr><attr><attrlabl Sync="TRUE">Tier_II_Sy</attrlabl><attalias Sync="TRUE">Tier_II_Sy</attalias><attrtype Sync="TRUE">String</attrtype><attwidth Sync="TRUE">254</attwidth><atprecis Sync="TRUE">0</atprecis><attscale Sync="TRUE">0</attscale></attr><attr><attrlabl Sync="TRUE">Tier_II_Be</attrlabl><attalias Sync="TRUE">Tier_II_Be</attalias><attrtype Sync="TRUE">String</attrtype><attwidth Sync="TRUE">254</attwidth><atprecis Sync="TRUE">0</atprecis><attscale Sync="TRUE">0</attscale></attr><attr><attrlabl Sync="TRUE">Tier_II_To</attrlabl><attalias Sync="TRUE">Tier_II_To</attalias><attrtype Sync="TRUE">String</attrtype><attwidth Sync="TRUE">254</attwidth><atprecis Sync="TRUE">0</atprecis><attscale Sync="TRUE">0</attscale></attr><attr><attrlabl Sync="TRUE">Tier_I___T</attrlabl><attalias Sync="TRUE">Tier_I___T</attalias><attrtype Sync="TRUE">String</attrtype><attwidth Sync="TRUE">254</attwidth><atprecis Sync="TRUE">0</atprecis><attscale Sync="TRUE">0</attscale></attr><attr><attrlabl Sync="TRUE">Project_Co</attrlabl><attalias Sync="TRUE">Project_Co</attalias><attrtype Sync="TRUE">Double</attrtype><attwidth Sync="TRUE">19</attwidth><atprecis Sync="TRUE">0</atprecis><attscale Sync="TRUE">0</attscale></attr><attr><attrlabl Sync="TRUE">Other_Fund</attrlabl><attalias Sync="TRUE">Other_Fund</attalias><attrtype Sync="TRUE">Double</attrtype><attwidth Sync="TRUE">19</attwidth><atprecis Sync="TRUE">0</atprecis><attscale Sync="TRUE">0</attscale></attr><attr><attrlabl Sync="TRUE">Total_Proj</attrlabl><attalias Sync="TRUE">Total_Proj</attalias><attrtype Sync="TRUE">Double</attrtype><attwidth Sync="TRUE">19</attwidth><atprecis Sync="TRUE">0</atprecis><attscale Sync="TRUE">0</attscale></attr><attr><attrlabl Sync="TRUE">Total_Pr_1</attrlabl><attalias Sync="TRUE">Total_Pr_1</attalias><attrtype Sync="TRUE">Double</attrtype><attwidth Sync="TRUE">19</attwidth><atprecis Sync="TRUE">0</atprecis><attscale Sync="TRUE">0</attscale></attr><attr><attrlabl Sync="TRUE">Total_Pr_2</attrlabl><attalias Sync="TRUE">Total_Pr_2</attalias><attrtype Sync="TRUE">String</attrtype><attwidth Sync="TRUE">254</attwidth><atprecis Sync="TRUE">0</atprecis><attscale Sync="TRUE">0</attscale></attr><attr><attrlabl Sync="TRUE">Future_Dol</attrlabl><attalias Sync="TRUE">Future_Dol</attalias><attrtype Sync="TRUE">String</attrtype><attwidth Sync="TRUE">254</attwidth><atprecis Sync="TRUE">0</atprecis><attscale Sync="TRUE">0</attscale></attr><attr><attrlabl Sync="TRUE">Funding_No</attrlabl><attalias Sync="TRUE">Funding_No</attalias><attrtype Sync="TRUE">String</attrtype><attwidth Sync="TRUE">254</attwidth><atprecis Sync="TRUE">0</atprecis><attscale Sync="TRUE">0</attscale></attr><attr><attrlabl Sync="TRUE">F2050_MT_1</attrlabl><attalias Sync="TRUE">F2050_MT_1</attalias><attrtype Sync="TRUE">String</attrtype><attwidth Sync="TRUE">254</attwidth><atprecis Sync="TRUE">0</atprecis><attscale Sync="TRUE">0</attscale></attr><attr><attrlabl Sync="TRUE">Horizon_Ye</attrlabl><attalias Sync="TRUE">Horizon_Ye</attalias><attrtype Sync="TRUE">String</attrtype><attwidth Sync="TRUE">254</attwidth><atprecis Sync="TRUE">0</atprecis><attscale Sync="TRUE">0</attscale></attr><attr><attrlabl Sync="TRUE">Shape_Leng</attrlabl><attalias Sync="TRUE">Shape_Leng</attalias><attrtype Sync="TRUE">Double</attrtype><attwidth Sync="TRUE">19</attwidth><atprecis Sync="TRUE">0</atprecis><attscale Sync="TRUE">0</attscale></attr></detailed></eainfo><mdDateSt Sync="TRUE">20220117</mdDateSt><mdChar><CharSetCd value="004" Sync="TRUE"></CharSetCd></mdChar></metadata>
