<?xml version="1.0" encoding="UTF-8"?>
<metadata xml:lang="en"><Esri><CreaDate>20220114</CreaDate><CreaTime>10250600</CreaTime><ArcGISFormat>1.0</ArcGISFormat><SyncOnce>FALSE</SyncOnce><DataProperties><itemProps><itemName Sync="TRUE">MedicalFacilities3</itemName><imsContentType Sync="TRUE">002</imsContentType><itemSize Sync="TRUE">0.000</itemSize><itemLocation><linkage Sync="TRUE">file://\\rsandh.com\files\Transportation\Admin_Non Project\NC\Business Development\Conferences\ITE Sandbox Competition_2022\ArcView\MedicalFacilities3.shp</linkage><protocol Sync="TRUE">Local Area Network</protocol></itemLocation></itemProps><coordRef><type Sync="TRUE">Projected</type><geogcsn Sync="TRUE">GCS_North_American_1983</geogcsn><csUnits Sync="TRUE">Linear Unit: Foot_US (0.304801)</csUnits><projcsn Sync="TRUE">NAD_1983_StatePlane_North_Carolina_FIPS_3200_Feet</projcsn><peXml Sync="TRUE">&lt;ProjectedCoordinateSystem xsi:type='typens:ProjectedCoordinateSystem' xmlns:xsi='http://www.w3.org/2001/XMLSchema-instance' xmlns:xs='http://www.w3.org/2001/XMLSchema' xmlns:typens='http://www.esri.com/schemas/ArcGIS/10.8'&gt;&lt;WKT&gt;PROJCS[&amp;quot;NAD_1983_StatePlane_North_Carolina_FIPS_3200_Feet&amp;quot;,GEOGCS[&amp;quot;GCS_North_American_1983&amp;quot;,DATUM[&amp;quot;D_North_American_1983&amp;quot;,SPHEROID[&amp;quot;GRS_1980&amp;quot;,6378137.0,298.257222101]],PRIMEM[&amp;quot;Greenwich&amp;quot;,0.0],UNIT[&amp;quot;Degree&amp;quot;,0.0174532925199433]],PROJECTION[&amp;quot;Lambert_Conformal_Conic&amp;quot;],PARAMETER[&amp;quot;False_Easting&amp;quot;,2000000.002616666],PARAMETER[&amp;quot;False_Northing&amp;quot;,0.0],PARAMETER[&amp;quot;Central_Meridian&amp;quot;,-79.0],PARAMETER[&amp;quot;Standard_Parallel_1&amp;quot;,34.33333333333334],PARAMETER[&amp;quot;Standard_Parallel_2&amp;quot;,36.16666666666666],PARAMETER[&amp;quot;Latitude_Of_Origin&amp;quot;,33.75],UNIT[&amp;quot;Foot_US&amp;quot;,0.3048006096012192],AUTHORITY[&amp;quot;EPSG&amp;quot;,2264]]&lt;/WKT&gt;&lt;XOrigin&gt;-121841900&lt;/XOrigin&gt;&lt;YOrigin&gt;-93659000&lt;/YOrigin&gt;&lt;XYScale&gt;36365718.124241434&lt;/XYScale&gt;&lt;ZOrigin&gt;-100000&lt;/ZOrigin&gt;&lt;ZScale&gt;10000&lt;/ZScale&gt;&lt;MOrigin&gt;-100000&lt;/MOrigin&gt;&lt;MScale&gt;10000&lt;/MScale&gt;&lt;XYTolerance&gt;0.0032808333333333331&lt;/XYTolerance&gt;&lt;ZTolerance&gt;0.001&lt;/ZTolerance&gt;&lt;MTolerance&gt;0.001&lt;/MTolerance&gt;&lt;HighPrecision&gt;true&lt;/HighPrecision&gt;&lt;WKID&gt;102719&lt;/WKID&gt;&lt;LatestWKID&gt;2264&lt;/LatestWKID&gt;&lt;/ProjectedCoordinateSystem&gt;</peXml></coordRef><lineage><Process ToolSource="c:\program files (x86)\arcgis\desktop10.8\ArcToolbox\Toolboxes\Data Management Tools.tbx\Merge" Date="20220114" Time="094030">Merge MinuteClinic;MedicalFacilities2;UrgentCare "X:\Admin_Non Project\NC\Business Development\Conferences\ITE Sandbox Competition_2022\ArcView\MedicalFacilities3.shp" "Id "Id" true true false 6 Long 0 6 ,First,#,MinuteClinic,Id,-1,-1,UrgentCare,Id,-1,-1;Address "Address" true true false 50 Text 0 0 ,First,#,MinuteClinic,Address,-1,-1,MedicalFacilities2,ADDRESS,-1,-1,UrgentCare,Address,-1,-1;OBJECTID "OBJECTID" true true false 4 Short 0 4 ,First,#,MedicalFacilities2,OBJECTID,-1,-1;onemap_SDE "onemap_SDE" true true false 1 Text 0 0 ,First,#,MedicalFacilities2,onemap_SDE,-1,-1;PERIMETER "PERIMETER" true true false 1 Short 0 1 ,First,#,MedicalFacilities2,PERIMETER,-1,-1;MEDFACILS_ "MEDFACILS_" true true false 4 Short 0 4 ,First,#,MedicalFacilities2,MEDFACILS_,-1,-1;MEDFACILS1 "MEDFACILS1" true true false 4 Short 0 4 ,First,#,MedicalFacilities2,MEDFACILS1,-1,-1;FID_1 "FID_1" true true false 6 Long 0 6 ,First,#,MedicalFacilities2,FID_1,-1,-1;STYPE "STYPE" true true false 20 Text 0 0 ,First,#,MedicalFacilities2,STYPE,-1,-1;FACILITY "FACILITY" true true false 51 Text 0 0 ,First,#,MedicalFacilities2,FACILITY,-1,-1;FADDR1 "FADDR1" true true false 35 Text 0 0 ,First,#,MedicalFacilities2,FADDR1,-1,-1;FADDR2 "FADDR2" true true false 27 Text 0 0 ,First,#,MedicalFacilities2,FADDR2,-1,-1;FCITY "FCITY" true true false 21 Text 0 0 ,First,#,MedicalFacilities2,FCITY,-1,-1;FSTATE "FSTATE" true true false 2 Text 0 0 ,First,#,MedicalFacilities2,FSTATE,-1,-1;FZIP "FZIP" true true false 5 Long 0 5 ,First,#,MedicalFacilities2,FZIP,-1,-1;FCOUNTY "FCOUNTY" true true false 12 Text 0 0 ,First,#,MedicalFacilities2,FCOUNTY,-1,-1;FPHONE "FPHONE" true true false 13 Text 0 0 ,First,#,MedicalFacilities2,FPHONE,-1,-1;FEXTEN "FEXTEN" true true false 4 Text 0 0 ,First,#,MedicalFacilities2,FEXTEN,-1,-1;FFAX "FFAX" true true false 13 Text 0 0 ,First,#,MedicalFacilities2,FFAX,-1,-1;OBN1 "OBN1" true true false 49 Text 0 0 ,First,#,MedicalFacilities2,OBN1,-1,-1;OBN2 "OBN2" true true false 51 Text 0 0 ,First,#,MedicalFacilities2,OBN2,-1,-1;SCITY "SCITY" true true false 16 Text 0 0 ,First,#,MedicalFacilities2,SCITY,-1,-1;SSTATE "SSTATE" true true false 2 Text 0 0 ,First,#,MedicalFacilities2,SSTATE,-1,-1;SZIP "SZIP" true true false 5 Long 0 5 ,First,#,MedicalFacilities2,SZIP,-1,-1;ICF "ICF" true true false 1 Text 0 0 ,First,#,MedicalFacilities2,ICF,-1,-1;LICNO "LICNO" true true false 11 Text 0 0 ,First,#,MedicalFacilities2,LICNO,-1,-1;LICENSEE "LICENSEE" true true false 54 Text 0 0 ,First,#,MedicalFacilities2,LICENSEE,-1,-1;ODATE "ODATE" true true false 8 Date 0 0 ,First,#,MedicalFacilities2,ODATE,-1,-1;EFFECTIVE "EFFECTIVE" true true false 8 Date 0 0 ,First,#,MedicalFacilities2,EFFECTIVE,-1,-1;EXPIRES "EXPIRES" true true false 8 Date 0 0 ,First,#,MedicalFacilities2,EXPIRES,-1,-1;FULL_ "FULL_" true true false 1 Text 0 0 ,First,#,MedicalFacilities2,FULL_,-1,-1;SAELIGIBLE "SAELIGIBLE" true true false 1 Text 0 0 ,First,#,MedicalFacilities2,SAELIGIBLE,-1,-1;CAPACITY "CAPACITY" true true false 3 Short 0 3 ,First,#,MedicalFacilities2,CAPACITY,-1,-1;NFTOTAL "NFTOTAL" true true false 3 Short 0 3 ,First,#,MedicalFacilities2,NFTOTAL,-1,-1;HATOTAL "HATOTAL" true true false 3 Short 0 3 ,First,#,MedicalFacilities2,HATOTAL,-1,-1;LTCTOTAL "LTCTOTAL" true true false 3 Short 0 3 ,First,#,MedicalFacilities2,LTCTOTAL,-1,-1;HTOTAL "HTOTAL" true true false 4 Short 0 4 ,First,#,MedicalFacilities2,HTOTAL,-1,-1;TOTALBEDS "TOTALBEDS" true true false 4 Short 0 4 ,First,#,MedicalFacilities2,TOTALBEDS,-1,-1;HGENLIC "HGENLIC" true true false 3 Short 0 3 ,First,#,MedicalFacilities2,HGENLIC,-1,-1;REHABHLIC "REHABHLIC" true true false 3 Short 0 3 ,First,#,MedicalFacilities2,REHABHLIC,-1,-1;PSYLIC "PSYLIC" true true false 2 Short 0 2 ,First,#,MedicalFacilities2,PSYLIC,-1,-1;SALIC "SALIC" true true false 2 Short 0 2 ,First,#,MedicalFacilities2,SALIC,-1,-1;DETOXLIC "DETOXLIC" true true false 2 Short 0 2 ,First,#,MedicalFacilities2,DETOXLIC,-1,-1;HOSLIC "HOSLIC" true true false 1 Short 0 1 ,First,#,MedicalFacilities2,HOSLIC,-1,-1;RSRCHLIC "RSRCHLIC" true true false 1 Short 0 1 ,First,#,MedicalFacilities2,RSRCHLIC,-1,-1;OTHRHLIC "OTHRHLIC" true true false 3 Short 0 3 ,First,#,MedicalFacilities2,OTHRHLIC,-1,-1;ALZLIC "ALZLIC" true true false 2 Short 0 2 ,First,#,MedicalFacilities2,ALZLIC,-1,-1;HIVLIC "HIVLIC" true true false 1 Short 0 1 ,First,#,MedicalFacilities2,HIVLIC,-1,-1;REHABNLIC "REHABNLIC" true true false 1 Short 0 1 ,First,#,MedicalFacilities2,REHABNLIC,-1,-1;TBILIC "TBILIC" true true false 2 Short 0 2 ,First,#,MedicalFacilities2,TBILIC,-1,-1;VENLIC "VENLIC" true true false 2 Short 0 2 ,First,#,MedicalFacilities2,VENLIC,-1,-1;OTHNFLIC "OTHNFLIC" true true false 2 Short 0 2 ,First,#,MedicalFacilities2,OTHNFLIC,-1,-1;NFGENLIC "NFGENLIC" true true false 3 Short 0 3 ,First,#,MedicalFacilities2,NFGENLIC,-1,-1;HAALZLIC "HAALZLIC" true true false 2 Short 0 2 ,First,#,MedicalFacilities2,HAALZLIC,-1,-1;HAHIVLIC "HAHIVLIC" true true false 1 Short 0 1 ,First,#,MedicalFacilities2,HAHIVLIC,-1,-1;HAGENLIC "HAGENLIC" true true false 2 Short 0 2 ,First,#,MedicalFacilities2,HAGENLIC,-1,-1;RETIREBEDS "RETIREBEDS" true true false 3 Short 0 3 ,First,#,MedicalFacilities2,RETIREBEDS,-1,-1;CONCARE "CONCARE" true true false 1 Text 0 0 ,First,#,MedicalFacilities2,CONCARE,-1,-1;ADCP "ADCP" true true false 1 Text 0 0 ,First,#,MedicalFacilities2,ADCP,-1,-1;HOSPICE "HOSPICE" true true false 1 Text 0 0 ,First,#,MedicalFacilities2,HOSPICE,-1,-1;RESPITE "RESPITE" true true false 1 Text 0 0 ,First,#,MedicalFacilities2,RESPITE,-1,-1;REHAB "REHAB" true true false 1 Text 0 0 ,First,#,MedicalFacilities2,REHAB,-1,-1;HOMECARE "HOMECARE" true true false 1 Text 0 0 ,First,#,MedicalFacilities2,HOMECARE,-1,-1;SUBACUBEDS "SUBACUBEDS" true true false 2 Short 0 2 ,First,#,MedicalFacilities2,SUBACUBEDS,-1,-1;CONSUBACUT "CONSUBACUT" true true false 1 Text 0 0 ,First,#,MedicalFacilities2,CONSUBACUT,-1,-1;HCACAT "HCACAT" true true false 1 Text 0 0 ,First,#,MedicalFacilities2,HCACAT,-1,-1;HOSCAT "HOSCAT" true true false 1 Text 0 0 ,First,#,MedicalFacilities2,HOSCAT,-1,-1;NPCAT "NPCAT" true true false 1 Text 0 0 ,First,#,MedicalFacilities2,NPCAT,-1,-1;NSGSVCS "NSGSVCS" true true false 1 Text 0 0 ,First,#,MedicalFacilities2,NSGSVCS,-1,-1;NSGINTSV "NSGINTSV" true true false 1 Text 0 0 ,First,#,MedicalFacilities2,NSGINTSV,-1,-1;NSGPDSV "NSGPDSV" true true false 1 Text 0 0 ,First,#,MedicalFacilities2,NSGPDSV,-1,-1;IVSV "IVSV" true true false 1 Text 0 0 ,First,#,MedicalFacilities2,IVSV,-1,-1;AIDESV "AIDESV" true true false 1 Text 0 0 ,First,#,MedicalFacilities2,AIDESV,-1,-1;SWSV "SWSV" true true false 1 Text 0 0 ,First,#,MedicalFacilities2,SWSV,-1,-1;PTSV "PTSV" true true false 1 Text 0 0 ,First,#,MedicalFacilities2,PTSV,-1,-1;OTSV "OTSV" true true false 1 Text 0 0 ,First,#,MedicalFacilities2,OTSV,-1,-1;SPSV "SPSV" true true false 1 Text 0 0 ,First,#,MedicalFacilities2,SPSV,-1,-1;PMSV "PMSV" true true false 1 Text 0 0 ,First,#,MedicalFacilities2,PMSV,-1,-1;DMESV "DMESV" true true false 1 Text 0 0 ,First,#,MedicalFacilities2,DMESV,-1,-1;SPLYSV "SPLYSV" true true false 1 Text 0 0 ,First,#,MedicalFacilities2,SPLYSV,-1,-1;NSGPOOL "NSGPOOL" true true false 1 Text 0 0 ,First,#,MedicalFacilities2,NSGPOOL,-1,-1;POOLAIDE "POOLAIDE" true true false 1 Text 0 0 ,First,#,MedicalFacilities2,POOLAIDE,-1,-1;HHASV "HHASV" true true false 1 Text 0 0 ,First,#,MedicalFacilities2,HHASV,-1,-1;HHANO "HHANO" true true false 6 Text 0 0 ,First,#,MedicalFacilities2,HHANO,-1,-1;HOSNO "HOSNO" true true false 6 Text 0 0 ,First,#,MedicalFacilities2,HOSNO,-1,-1;HPBEDS "HPBEDS" true true false 2 Short 0 2 ,First,#,MedicalFacilities2,HPBEDS,-1,-1;HRBEDS "HRBEDS" true true false 2 Short 0 2 ,First,#,MedicalFacilities2,HRBEDS,-1,-1;HOSSV "HOSSV" true true false 1 Text 0 0 ,First,#,MedicalFacilities2,HOSSV,-1,-1;ADMNAME "ADMNAME" true true false 36 Text 0 0 ,First,#,MedicalFacilities2,ADMNAME,-1,-1;ADMPHONE "ADMPHONE" true true false 13 Text 0 0 ,First,#,MedicalFacilities2,ADMPHONE,-1,-1;DONNAME "DONNAME" true true false 37 Text 0 0 ,First,#,MedicalFacilities2,DONNAME,-1,-1;MGMTNAME "MGMTNAME" true true false 46 Text 0 0 ,First,#,MedicalFacilities2,MGMTNAME,-1,-1;MGMTADDR "MGMTADDR" true true false 53 Text 0 0 ,First,#,MedicalFacilities2,MGMTADDR,-1,-1;PARNAME "PARNAME" true true false 55 Text 0 0 ,First,#,MedicalFacilities2,PARNAME,-1,-1;PARADDR "PARADDR" true true false 56 Text 0 0 ,First,#,MedicalFacilities2,PARADDR,-1,-1;OWNER "OWNER" true true false 55 Text 0 0 ,First,#,MedicalFacilities2,OWNER,-1,-1;OWNERADDR "OWNERADDR" true true false 70 Text 0 0 ,First,#,MedicalFacilities2,OWNERADDR,-1,-1;HOLDSTYPE "HOLDSTYPE" true true false 3 Text 0 0 ,First,#,MedicalFacilities2,HOLDSTYPE,-1,-1;Name "Name" true true false 50 Text 0 0 ,First,#,UrgentCare,Name,-1,-1"</Process></lineage></DataProperties><SyncDate>20220114</SyncDate><SyncTime>09402500</SyncTime><ModDate>20220114</ModDate><ModTime>09402500</ModTime></Esri><dataIdInfo><envirDesc Sync="TRUE"> Version 6.2 (Build 9200) ; Esri ArcGIS 10.8.1.14362</envirDesc><dataLang><languageCode value="eng" Sync="TRUE"></languageCode><countryCode value="USA" Sync="TRUE"></countryCode></dataLang><idCitation><resTitle Sync="TRUE">MedicalFacilities3</resTitle><presForm><PresFormCd value="005" Sync="TRUE"></PresFormCd></presForm></idCitation><spatRpType><SpatRepTypCd value="001" Sync="TRUE"></SpatRepTypCd></spatRpType></dataIdInfo><mdLang><languageCode value="eng" Sync="TRUE"></languageCode><countryCode value="USA" Sync="TRUE"></countryCode></mdLang><mdChar><CharSetCd value="004" Sync="TRUE"></CharSetCd></mdChar><distInfo><distFormat><formatName Sync="TRUE">Shapefile</formatName></distFormat><distTranOps><transSize Sync="TRUE">0.000</transSize></distTranOps></distInfo><mdHrLv><ScopeCd value="005" Sync="TRUE"></ScopeCd></mdHrLv><mdHrLvName Sync="TRUE">dataset</mdHrLvName><refSysInfo><RefSystem><refSysID><identCode code="2264" Sync="TRUE"></identCode><idCodeSpace Sync="TRUE">EPSG</idCodeSpace><idVersion Sync="TRUE">6.12(9.0.0)</idVersion></refSysID></RefSystem></refSysInfo><spatRepInfo><VectSpatRep><geometObjs Name="MedicalFacilities3"><geoObjTyp><GeoObjTypCd value="004" Sync="TRUE"></GeoObjTypCd></geoObjTyp><geoObjCnt Sync="TRUE">0</geoObjCnt></geometObjs><topLvl><TopoLevCd value="001" Sync="TRUE"></TopoLevCd></topLvl></VectSpatRep></spatRepInfo><spdoinfo><ptvctinf><esriterm Name="MedicalFacilities3"><efeatyp Sync="TRUE">Simple</efeatyp><efeageom code="1" Sync="TRUE"></efeageom><esritopo Sync="TRUE">FALSE</esritopo><efeacnt Sync="TRUE">0</efeacnt><spindex Sync="TRUE">FALSE</spindex><linrefer Sync="TRUE">FALSE</linrefer></esriterm></ptvctinf></spdoinfo><eainfo><detailed Name="MedicalFacilities3"><enttyp><enttypl Sync="TRUE">MedicalFacilities3</enttypl><enttypt Sync="TRUE">Feature Class</enttypt><enttypc Sync="TRUE">0</enttypc></enttyp><attr><attrlabl Sync="TRUE">FID</attrlabl><attalias Sync="TRUE">FID</attalias><attrtype Sync="TRUE">OID</attrtype><attwidth Sync="TRUE">4</attwidth><atprecis Sync="TRUE">0</atprecis><attscale Sync="TRUE">0</attscale><attrdef Sync="TRUE">Internal feature number.</attrdef><attrdefs Sync="TRUE">Esri</attrdefs><attrdomv><udom Sync="TRUE">Sequential unique whole numbers that are automatically generated.</udom></attrdomv></attr><attr><attrlabl Sync="TRUE">Shape</attrlabl><attalias Sync="TRUE">Shape</attalias><attrtype Sync="TRUE">Geometry</attrtype><attwidth Sync="TRUE">0</attwidth><atprecis Sync="TRUE">0</atprecis><attscale Sync="TRUE">0</attscale><attrdef Sync="TRUE">Feature geometry.</attrdef><attrdefs Sync="TRUE">Esri</attrdefs><attrdomv><udom Sync="TRUE">Coordinates defining the features.</udom></attrdomv></attr><attr><attrlabl Sync="TRUE">Id</attrlabl><attalias Sync="TRUE">Id</attalias><attrtype Sync="TRUE">Integer</attrtype><attwidth Sync="TRUE">6</attwidth><atprecis Sync="TRUE">6</atprecis><attscale Sync="TRUE">0</attscale></attr><attr><attrlabl Sync="TRUE">Address</attrlabl><attalias Sync="TRUE">Address</attalias><attrtype Sync="TRUE">String</attrtype><attwidth Sync="TRUE">50</attwidth><atprecis Sync="TRUE">0</atprecis><attscale Sync="TRUE">0</attscale></attr><attr><attrlabl Sync="TRUE">OBJECTID</attrlabl><attalias Sync="TRUE">OBJECTID</attalias><attrtype Sync="TRUE">SmallInteger</attrtype><attwidth Sync="TRUE">4</attwidth><atprecis Sync="TRUE">4</atprecis><attscale Sync="TRUE">0</attscale></attr><attr><attrlabl Sync="TRUE">onemap_SDE</attrlabl><attalias Sync="TRUE">onemap_SDE</attalias><attrtype Sync="TRUE">String</attrtype><attwidth Sync="TRUE">1</attwidth><atprecis Sync="TRUE">0</atprecis><attscale Sync="TRUE">0</attscale></attr><attr><attrlabl Sync="TRUE">PERIMETER</attrlabl><attalias Sync="TRUE">PERIMETER</attalias><attrtype Sync="TRUE">SmallInteger</attrtype><attwidth Sync="TRUE">1</attwidth><atprecis Sync="TRUE">1</atprecis><attscale Sync="TRUE">0</attscale></attr><attr><attrlabl Sync="TRUE">MEDFACILS_</attrlabl><attalias Sync="TRUE">MEDFACILS_</attalias><attrtype Sync="TRUE">SmallInteger</attrtype><attwidth Sync="TRUE">4</attwidth><atprecis Sync="TRUE">4</atprecis><attscale Sync="TRUE">0</attscale></attr><attr><attrlabl Sync="TRUE">MEDFACILS1</attrlabl><attalias Sync="TRUE">MEDFACILS1</attalias><attrtype Sync="TRUE">SmallInteger</attrtype><attwidth Sync="TRUE">4</attwidth><atprecis Sync="TRUE">4</atprecis><attscale Sync="TRUE">0</attscale></attr><attr><attrlabl Sync="TRUE">FID_1</attrlabl><attalias Sync="TRUE">FID_1</attalias><attrtype Sync="TRUE">Integer</attrtype><attwidth Sync="TRUE">6</attwidth><atprecis Sync="TRUE">6</atprecis><attscale Sync="TRUE">0</attscale></attr><attr><attrlabl Sync="TRUE">STYPE</attrlabl><attalias Sync="TRUE">STYPE</attalias><attrtype Sync="TRUE">String</attrtype><attwidth Sync="TRUE">20</attwidth><atprecis Sync="TRUE">0</atprecis><attscale Sync="TRUE">0</attscale></attr><attr><attrlabl Sync="TRUE">FACILITY</attrlabl><attalias Sync="TRUE">FACILITY</attalias><attrtype Sync="TRUE">String</attrtype><attwidth Sync="TRUE">51</attwidth><atprecis Sync="TRUE">0</atprecis><attscale Sync="TRUE">0</attscale></attr><attr><attrlabl Sync="TRUE">FADDR1</attrlabl><attalias Sync="TRUE">FADDR1</attalias><attrtype Sync="TRUE">String</attrtype><attwidth Sync="TRUE">35</attwidth><atprecis Sync="TRUE">0</atprecis><attscale Sync="TRUE">0</attscale></attr><attr><attrlabl Sync="TRUE">FADDR2</attrlabl><attalias Sync="TRUE">FADDR2</attalias><attrtype Sync="TRUE">String</attrtype><attwidth Sync="TRUE">27</attwidth><atprecis Sync="TRUE">0</atprecis><attscale Sync="TRUE">0</attscale></attr><attr><attrlabl Sync="TRUE">FCITY</attrlabl><attalias Sync="TRUE">FCITY</attalias><attrtype Sync="TRUE">String</attrtype><attwidth Sync="TRUE">21</attwidth><atprecis Sync="TRUE">0</atprecis><attscale Sync="TRUE">0</attscale></attr><attr><attrlabl Sync="TRUE">FSTATE</attrlabl><attalias Sync="TRUE">FSTATE</attalias><attrtype Sync="TRUE">String</attrtype><attwidth Sync="TRUE">2</attwidth><atprecis Sync="TRUE">0</atprecis><attscale Sync="TRUE">0</attscale></attr><attr><attrlabl Sync="TRUE">FZIP</attrlabl><attalias Sync="TRUE">FZIP</attalias><attrtype Sync="TRUE">Integer</attrtype><attwidth Sync="TRUE">5</attwidth><atprecis Sync="TRUE">5</atprecis><attscale Sync="TRUE">0</attscale></attr><attr><attrlabl Sync="TRUE">FCOUNTY</attrlabl><attalias Sync="TRUE">FCOUNTY</attalias><attrtype Sync="TRUE">String</attrtype><attwidth Sync="TRUE">12</attwidth><atprecis Sync="TRUE">0</atprecis><attscale Sync="TRUE">0</attscale></attr><attr><attrlabl Sync="TRUE">FPHONE</attrlabl><attalias Sync="TRUE">FPHONE</attalias><attrtype Sync="TRUE">String</attrtype><attwidth Sync="TRUE">13</attwidth><atprecis Sync="TRUE">0</atprecis><attscale Sync="TRUE">0</attscale></attr><attr><attrlabl Sync="TRUE">FEXTEN</attrlabl><attalias Sync="TRUE">FEXTEN</attalias><attrtype Sync="TRUE">String</attrtype><attwidth Sync="TRUE">4</attwidth><atprecis Sync="TRUE">0</atprecis><attscale Sync="TRUE">0</attscale></attr><attr><attrlabl Sync="TRUE">FFAX</attrlabl><attalias Sync="TRUE">FFAX</attalias><attrtype Sync="TRUE">String</attrtype><attwidth Sync="TRUE">13</attwidth><atprecis Sync="TRUE">0</atprecis><attscale Sync="TRUE">0</attscale></attr><attr><attrlabl Sync="TRUE">OBN1</attrlabl><attalias Sync="TRUE">OBN1</attalias><attrtype Sync="TRUE">String</attrtype><attwidth Sync="TRUE">49</attwidth><atprecis Sync="TRUE">0</atprecis><attscale Sync="TRUE">0</attscale></attr><attr><attrlabl Sync="TRUE">OBN2</attrlabl><attalias Sync="TRUE">OBN2</attalias><attrtype Sync="TRUE">String</attrtype><attwidth Sync="TRUE">51</attwidth><atprecis Sync="TRUE">0</atprecis><attscale Sync="TRUE">0</attscale></attr><attr><attrlabl Sync="TRUE">SCITY</attrlabl><attalias Sync="TRUE">SCITY</attalias><attrtype Sync="TRUE">String</attrtype><attwidth Sync="TRUE">16</attwidth><atprecis Sync="TRUE">0</atprecis><attscale Sync="TRUE">0</attscale></attr><attr><attrlabl Sync="TRUE">SSTATE</attrlabl><attalias Sync="TRUE">SSTATE</attalias><attrtype Sync="TRUE">String</attrtype><attwidth Sync="TRUE">2</attwidth><atprecis Sync="TRUE">0</atprecis><attscale Sync="TRUE">0</attscale></attr><attr><attrlabl Sync="TRUE">SZIP</attrlabl><attalias Sync="TRUE">SZIP</attalias><attrtype Sync="TRUE">Integer</attrtype><attwidth Sync="TRUE">5</attwidth><atprecis Sync="TRUE">5</atprecis><attscale Sync="TRUE">0</attscale></attr><attr><attrlabl Sync="TRUE">ICF</attrlabl><attalias Sync="TRUE">ICF</attalias><attrtype Sync="TRUE">String</attrtype><attwidth Sync="TRUE">1</attwidth><atprecis Sync="TRUE">0</atprecis><attscale Sync="TRUE">0</attscale></attr><attr><attrlabl Sync="TRUE">LICNO</attrlabl><attalias Sync="TRUE">LICNO</attalias><attrtype Sync="TRUE">String</attrtype><attwidth Sync="TRUE">11</attwidth><atprecis Sync="TRUE">0</atprecis><attscale Sync="TRUE">0</attscale></attr><attr><attrlabl Sync="TRUE">LICENSEE</attrlabl><attalias Sync="TRUE">LICENSEE</attalias><attrtype Sync="TRUE">String</attrtype><attwidth Sync="TRUE">54</attwidth><atprecis Sync="TRUE">0</atprecis><attscale Sync="TRUE">0</attscale></attr><attr><attrlabl Sync="TRUE">ODATE</attrlabl><attalias Sync="TRUE">ODATE</attalias><attrtype Sync="TRUE">Date</attrtype><attwidth Sync="TRUE">8</attwidth><atprecis Sync="TRUE">0</atprecis><attscale Sync="TRUE">0</attscale></attr><attr><attrlabl Sync="TRUE">EFFECTIVE</attrlabl><attalias Sync="TRUE">EFFECTIVE</attalias><attrtype Sync="TRUE">Date</attrtype><attwidth Sync="TRUE">8</attwidth><atprecis Sync="TRUE">0</atprecis><attscale Sync="TRUE">0</attscale></attr><attr><attrlabl Sync="TRUE">EXPIRES</attrlabl><attalias Sync="TRUE">EXPIRES</attalias><attrtype Sync="TRUE">Date</attrtype><attwidth Sync="TRUE">8</attwidth><atprecis Sync="TRUE">0</atprecis><attscale Sync="TRUE">0</attscale></attr><attr><attrlabl Sync="TRUE">FULL_</attrlabl><attalias Sync="TRUE">FULL_</attalias><attrtype Sync="TRUE">String</attrtype><attwidth Sync="TRUE">1</attwidth><atprecis Sync="TRUE">0</atprecis><attscale Sync="TRUE">0</attscale></attr><attr><attrlabl Sync="TRUE">SAELIGIBLE</attrlabl><attalias Sync="TRUE">SAELIGIBLE</attalias><attrtype Sync="TRUE">String</attrtype><attwidth Sync="TRUE">1</attwidth><atprecis Sync="TRUE">0</atprecis><attscale Sync="TRUE">0</attscale></attr><attr><attrlabl Sync="TRUE">CAPACITY</attrlabl><attalias Sync="TRUE">CAPACITY</attalias><attrtype Sync="TRUE">SmallInteger</attrtype><attwidth Sync="TRUE">3</attwidth><atprecis Sync="TRUE">3</atprecis><attscale Sync="TRUE">0</attscale></attr><attr><attrlabl Sync="TRUE">NFTOTAL</attrlabl><attalias Sync="TRUE">NFTOTAL</attalias><attrtype Sync="TRUE">SmallInteger</attrtype><attwidth Sync="TRUE">3</attwidth><atprecis Sync="TRUE">3</atprecis><attscale Sync="TRUE">0</attscale></attr><attr><attrlabl Sync="TRUE">HATOTAL</attrlabl><attalias Sync="TRUE">HATOTAL</attalias><attrtype Sync="TRUE">SmallInteger</attrtype><attwidth Sync="TRUE">3</attwidth><atprecis Sync="TRUE">3</atprecis><attscale Sync="TRUE">0</attscale></attr><attr><attrlabl Sync="TRUE">LTCTOTAL</attrlabl><attalias Sync="TRUE">LTCTOTAL</attalias><attrtype Sync="TRUE">SmallInteger</attrtype><attwidth Sync="TRUE">3</attwidth><atprecis Sync="TRUE">3</atprecis><attscale Sync="TRUE">0</attscale></attr><attr><attrlabl Sync="TRUE">HTOTAL</attrlabl><attalias Sync="TRUE">HTOTAL</attalias><attrtype Sync="TRUE">SmallInteger</attrtype><attwidth Sync="TRUE">4</attwidth><atprecis Sync="TRUE">4</atprecis><attscale Sync="TRUE">0</attscale></attr><attr><attrlabl Sync="TRUE">TOTALBEDS</attrlabl><attalias Sync="TRUE">TOTALBEDS</attalias><attrtype Sync="TRUE">SmallInteger</attrtype><attwidth Sync="TRUE">4</attwidth><atprecis Sync="TRUE">4</atprecis><attscale Sync="TRUE">0</attscale></attr><attr><attrlabl Sync="TRUE">HGENLIC</attrlabl><attalias Sync="TRUE">HGENLIC</attalias><attrtype Sync="TRUE">SmallInteger</attrtype><attwidth Sync="TRUE">3</attwidth><atprecis Sync="TRUE">3</atprecis><attscale Sync="TRUE">0</attscale></attr><attr><attrlabl Sync="TRUE">REHABHLIC</attrlabl><attalias Sync="TRUE">REHABHLIC</attalias><attrtype Sync="TRUE">SmallInteger</attrtype><attwidth Sync="TRUE">3</attwidth><atprecis Sync="TRUE">3</atprecis><attscale Sync="TRUE">0</attscale></attr><attr><attrlabl Sync="TRUE">PSYLIC</attrlabl><attalias Sync="TRUE">PSYLIC</attalias><attrtype Sync="TRUE">SmallInteger</attrtype><attwidth Sync="TRUE">2</attwidth><atprecis Sync="TRUE">2</atprecis><attscale Sync="TRUE">0</attscale></attr><attr><attrlabl Sync="TRUE">SALIC</attrlabl><attalias Sync="TRUE">SALIC</attalias><attrtype Sync="TRUE">SmallInteger</attrtype><attwidth Sync="TRUE">2</attwidth><atprecis Sync="TRUE">2</atprecis><attscale Sync="TRUE">0</attscale></attr><attr><attrlabl Sync="TRUE">DETOXLIC</attrlabl><attalias Sync="TRUE">DETOXLIC</attalias><attrtype Sync="TRUE">SmallInteger</attrtype><attwidth Sync="TRUE">2</attwidth><atprecis Sync="TRUE">2</atprecis><attscale Sync="TRUE">0</attscale></attr><attr><attrlabl Sync="TRUE">HOSLIC</attrlabl><attalias Sync="TRUE">HOSLIC</attalias><attrtype Sync="TRUE">SmallInteger</attrtype><attwidth Sync="TRUE">1</attwidth><atprecis Sync="TRUE">1</atprecis><attscale Sync="TRUE">0</attscale></attr><attr><attrlabl Sync="TRUE">RSRCHLIC</attrlabl><attalias Sync="TRUE">RSRCHLIC</attalias><attrtype Sync="TRUE">SmallInteger</attrtype><attwidth Sync="TRUE">1</attwidth><atprecis Sync="TRUE">1</atprecis><attscale Sync="TRUE">0</attscale></attr><attr><attrlabl Sync="TRUE">OTHRHLIC</attrlabl><attalias Sync="TRUE">OTHRHLIC</attalias><attrtype Sync="TRUE">SmallInteger</attrtype><attwidth Sync="TRUE">3</attwidth><atprecis Sync="TRUE">3</atprecis><attscale Sync="TRUE">0</attscale></attr><attr><attrlabl Sync="TRUE">ALZLIC</attrlabl><attalias Sync="TRUE">ALZLIC</attalias><attrtype Sync="TRUE">SmallInteger</attrtype><attwidth Sync="TRUE">2</attwidth><atprecis Sync="TRUE">2</atprecis><attscale Sync="TRUE">0</attscale></attr><attr><attrlabl Sync="TRUE">HIVLIC</attrlabl><attalias Sync="TRUE">HIVLIC</attalias><attrtype Sync="TRUE">SmallInteger</attrtype><attwidth Sync="TRUE">1</attwidth><atprecis Sync="TRUE">1</atprecis><attscale Sync="TRUE">0</attscale></attr><attr><attrlabl Sync="TRUE">REHABNLIC</attrlabl><attalias Sync="TRUE">REHABNLIC</attalias><attrtype Sync="TRUE">SmallInteger</attrtype><attwidth Sync="TRUE">1</attwidth><atprecis Sync="TRUE">1</atprecis><attscale Sync="TRUE">0</attscale></attr><attr><attrlabl Sync="TRUE">TBILIC</attrlabl><attalias Sync="TRUE">TBILIC</attalias><attrtype Sync="TRUE">SmallInteger</attrtype><attwidth Sync="TRUE">2</attwidth><atprecis Sync="TRUE">2</atprecis><attscale Sync="TRUE">0</attscale></attr><attr><attrlabl Sync="TRUE">VENLIC</attrlabl><attalias Sync="TRUE">VENLIC</attalias><attrtype Sync="TRUE">SmallInteger</attrtype><attwidth Sync="TRUE">2</attwidth><atprecis Sync="TRUE">2</atprecis><attscale Sync="TRUE">0</attscale></attr><attr><attrlabl Sync="TRUE">OTHNFLIC</attrlabl><attalias Sync="TRUE">OTHNFLIC</attalias><attrtype Sync="TRUE">SmallInteger</attrtype><attwidth Sync="TRUE">2</attwidth><atprecis Sync="TRUE">2</atprecis><attscale Sync="TRUE">0</attscale></attr><attr><attrlabl Sync="TRUE">NFGENLIC</attrlabl><attalias Sync="TRUE">NFGENLIC</attalias><attrtype Sync="TRUE">SmallInteger</attrtype><attwidth Sync="TRUE">3</attwidth><atprecis Sync="TRUE">3</atprecis><attscale Sync="TRUE">0</attscale></attr><attr><attrlabl Sync="TRUE">HAALZLIC</attrlabl><attalias Sync="TRUE">HAALZLIC</attalias><attrtype Sync="TRUE">SmallInteger</attrtype><attwidth Sync="TRUE">2</attwidth><atprecis Sync="TRUE">2</atprecis><attscale Sync="TRUE">0</attscale></attr><attr><attrlabl Sync="TRUE">HAHIVLIC</attrlabl><attalias Sync="TRUE">HAHIVLIC</attalias><attrtype Sync="TRUE">SmallInteger</attrtype><attwidth Sync="TRUE">1</attwidth><atprecis Sync="TRUE">1</atprecis><attscale Sync="TRUE">0</attscale></attr><attr><attrlabl Sync="TRUE">HAGENLIC</attrlabl><attalias Sync="TRUE">HAGENLIC</attalias><attrtype Sync="TRUE">SmallInteger</attrtype><attwidth Sync="TRUE">2</attwidth><atprecis Sync="TRUE">2</atprecis><attscale Sync="TRUE">0</attscale></attr><attr><attrlabl Sync="TRUE">RETIREBEDS</attrlabl><attalias Sync="TRUE">RETIREBEDS</attalias><attrtype Sync="TRUE">SmallInteger</attrtype><attwidth Sync="TRUE">3</attwidth><atprecis Sync="TRUE">3</atprecis><attscale Sync="TRUE">0</attscale></attr><attr><attrlabl Sync="TRUE">CONCARE</attrlabl><attalias Sync="TRUE">CONCARE</attalias><attrtype Sync="TRUE">String</attrtype><attwidth Sync="TRUE">1</attwidth><atprecis Sync="TRUE">0</atprecis><attscale Sync="TRUE">0</attscale></attr><attr><attrlabl Sync="TRUE">ADCP</attrlabl><attalias Sync="TRUE">ADCP</attalias><attrtype Sync="TRUE">String</attrtype><attwidth Sync="TRUE">1</attwidth><atprecis Sync="TRUE">0</atprecis><attscale Sync="TRUE">0</attscale></attr><attr><attrlabl Sync="TRUE">HOSPICE</attrlabl><attalias Sync="TRUE">HOSPICE</attalias><attrtype Sync="TRUE">String</attrtype><attwidth Sync="TRUE">1</attwidth><atprecis Sync="TRUE">0</atprecis><attscale Sync="TRUE">0</attscale></attr><attr><attrlabl Sync="TRUE">RESPITE</attrlabl><attalias Sync="TRUE">RESPITE</attalias><attrtype Sync="TRUE">String</attrtype><attwidth Sync="TRUE">1</attwidth><atprecis Sync="TRUE">0</atprecis><attscale Sync="TRUE">0</attscale></attr><attr><attrlabl Sync="TRUE">REHAB</attrlabl><attalias Sync="TRUE">REHAB</attalias><attrtype Sync="TRUE">String</attrtype><attwidth Sync="TRUE">1</attwidth><atprecis Sync="TRUE">0</atprecis><attscale Sync="TRUE">0</attscale></attr><attr><attrlabl Sync="TRUE">HOMECARE</attrlabl><attalias Sync="TRUE">HOMECARE</attalias><attrtype Sync="TRUE">String</attrtype><attwidth Sync="TRUE">1</attwidth><atprecis Sync="TRUE">0</atprecis><attscale Sync="TRUE">0</attscale></attr><attr><attrlabl Sync="TRUE">SUBACUBEDS</attrlabl><attalias Sync="TRUE">SUBACUBEDS</attalias><attrtype Sync="TRUE">SmallInteger</attrtype><attwidth Sync="TRUE">2</attwidth><atprecis Sync="TRUE">2</atprecis><attscale Sync="TRUE">0</attscale></attr><attr><attrlabl Sync="TRUE">CONSUBACUT</attrlabl><attalias Sync="TRUE">CONSUBACUT</attalias><attrtype Sync="TRUE">String</attrtype><attwidth Sync="TRUE">1</attwidth><atprecis Sync="TRUE">0</atprecis><attscale Sync="TRUE">0</attscale></attr><attr><attrlabl Sync="TRUE">HCACAT</attrlabl><attalias Sync="TRUE">HCACAT</attalias><attrtype Sync="TRUE">String</attrtype><attwidth Sync="TRUE">1</attwidth><atprecis Sync="TRUE">0</atprecis><attscale Sync="TRUE">0</attscale></attr><attr><attrlabl Sync="TRUE">HOSCAT</attrlabl><attalias Sync="TRUE">HOSCAT</attalias><attrtype Sync="TRUE">String</attrtype><attwidth Sync="TRUE">1</attwidth><atprecis Sync="TRUE">0</atprecis><attscale Sync="TRUE">0</attscale></attr><attr><attrlabl Sync="TRUE">NPCAT</attrlabl><attalias Sync="TRUE">NPCAT</attalias><attrtype Sync="TRUE">String</attrtype><attwidth Sync="TRUE">1</attwidth><atprecis Sync="TRUE">0</atprecis><attscale Sync="TRUE">0</attscale></attr><attr><attrlabl Sync="TRUE">NSGSVCS</attrlabl><attalias Sync="TRUE">NSGSVCS</attalias><attrtype Sync="TRUE">String</attrtype><attwidth Sync="TRUE">1</attwidth><atprecis Sync="TRUE">0</atprecis><attscale Sync="TRUE">0</attscale></attr><attr><attrlabl Sync="TRUE">NSGINTSV</attrlabl><attalias Sync="TRUE">NSGINTSV</attalias><attrtype Sync="TRUE">String</attrtype><attwidth Sync="TRUE">1</attwidth><atprecis Sync="TRUE">0</atprecis><attscale Sync="TRUE">0</attscale></attr><attr><attrlabl Sync="TRUE">NSGPDSV</attrlabl><attalias Sync="TRUE">NSGPDSV</attalias><attrtype Sync="TRUE">String</attrtype><attwidth Sync="TRUE">1</attwidth><atprecis Sync="TRUE">0</atprecis><attscale Sync="TRUE">0</attscale></attr><attr><attrlabl Sync="TRUE">IVSV</attrlabl><attalias Sync="TRUE">IVSV</attalias><attrtype Sync="TRUE">String</attrtype><attwidth Sync="TRUE">1</attwidth><atprecis Sync="TRUE">0</atprecis><attscale Sync="TRUE">0</attscale></attr><attr><attrlabl Sync="TRUE">AIDESV</attrlabl><attalias Sync="TRUE">AIDESV</attalias><attrtype Sync="TRUE">String</attrtype><attwidth Sync="TRUE">1</attwidth><atprecis Sync="TRUE">0</atprecis><attscale Sync="TRUE">0</attscale></attr><attr><attrlabl Sync="TRUE">SWSV</attrlabl><attalias Sync="TRUE">SWSV</attalias><attrtype Sync="TRUE">String</attrtype><attwidth Sync="TRUE">1</attwidth><atprecis Sync="TRUE">0</atprecis><attscale Sync="TRUE">0</attscale></attr><attr><attrlabl Sync="TRUE">PTSV</attrlabl><attalias Sync="TRUE">PTSV</attalias><attrtype Sync="TRUE">String</attrtype><attwidth Sync="TRUE">1</attwidth><atprecis Sync="TRUE">0</atprecis><attscale Sync="TRUE">0</attscale></attr><attr><attrlabl Sync="TRUE">OTSV</attrlabl><attalias Sync="TRUE">OTSV</attalias><attrtype Sync="TRUE">String</attrtype><attwidth Sync="TRUE">1</attwidth><atprecis Sync="TRUE">0</atprecis><attscale Sync="TRUE">0</attscale></attr><attr><attrlabl Sync="TRUE">SPSV</attrlabl><attalias Sync="TRUE">SPSV</attalias><attrtype Sync="TRUE">String</attrtype><attwidth Sync="TRUE">1</attwidth><atprecis Sync="TRUE">0</atprecis><attscale Sync="TRUE">0</attscale></attr><attr><attrlabl Sync="TRUE">PMSV</attrlabl><attalias Sync="TRUE">PMSV</attalias><attrtype Sync="TRUE">String</attrtype><attwidth Sync="TRUE">1</attwidth><atprecis Sync="TRUE">0</atprecis><attscale Sync="TRUE">0</attscale></attr><attr><attrlabl Sync="TRUE">DMESV</attrlabl><attalias Sync="TRUE">DMESV</attalias><attrtype Sync="TRUE">String</attrtype><attwidth Sync="TRUE">1</attwidth><atprecis Sync="TRUE">0</atprecis><attscale Sync="TRUE">0</attscale></attr><attr><attrlabl Sync="TRUE">SPLYSV</attrlabl><attalias Sync="TRUE">SPLYSV</attalias><attrtype Sync="TRUE">String</attrtype><attwidth Sync="TRUE">1</attwidth><atprecis Sync="TRUE">0</atprecis><attscale Sync="TRUE">0</attscale></attr><attr><attrlabl Sync="TRUE">NSGPOOL</attrlabl><attalias Sync="TRUE">NSGPOOL</attalias><attrtype Sync="TRUE">String</attrtype><attwidth Sync="TRUE">1</attwidth><atprecis Sync="TRUE">0</atprecis><attscale Sync="TRUE">0</attscale></attr><attr><attrlabl Sync="TRUE">POOLAIDE</attrlabl><attalias Sync="TRUE">POOLAIDE</attalias><attrtype Sync="TRUE">String</attrtype><attwidth Sync="TRUE">1</attwidth><atprecis Sync="TRUE">0</atprecis><attscale Sync="TRUE">0</attscale></attr><attr><attrlabl Sync="TRUE">HHASV</attrlabl><attalias Sync="TRUE">HHASV</attalias><attrtype Sync="TRUE">String</attrtype><attwidth Sync="TRUE">1</attwidth><atprecis Sync="TRUE">0</atprecis><attscale Sync="TRUE">0</attscale></attr><attr><attrlabl Sync="TRUE">HHANO</attrlabl><attalias Sync="TRUE">HHANO</attalias><attrtype Sync="TRUE">String</attrtype><attwidth Sync="TRUE">6</attwidth><atprecis Sync="TRUE">0</atprecis><attscale Sync="TRUE">0</attscale></attr><attr><attrlabl Sync="TRUE">HOSNO</attrlabl><attalias Sync="TRUE">HOSNO</attalias><attrtype Sync="TRUE">String</attrtype><attwidth Sync="TRUE">6</attwidth><atprecis Sync="TRUE">0</atprecis><attscale Sync="TRUE">0</attscale></attr><attr><attrlabl Sync="TRUE">HPBEDS</attrlabl><attalias Sync="TRUE">HPBEDS</attalias><attrtype Sync="TRUE">SmallInteger</attrtype><attwidth Sync="TRUE">2</attwidth><atprecis Sync="TRUE">2</atprecis><attscale Sync="TRUE">0</attscale></attr><attr><attrlabl Sync="TRUE">HRBEDS</attrlabl><attalias Sync="TRUE">HRBEDS</attalias><attrtype Sync="TRUE">SmallInteger</attrtype><attwidth Sync="TRUE">2</attwidth><atprecis Sync="TRUE">2</atprecis><attscale Sync="TRUE">0</attscale></attr><attr><attrlabl Sync="TRUE">HOSSV</attrlabl><attalias Sync="TRUE">HOSSV</attalias><attrtype Sync="TRUE">String</attrtype><attwidth Sync="TRUE">1</attwidth><atprecis Sync="TRUE">0</atprecis><attscale Sync="TRUE">0</attscale></attr><attr><attrlabl Sync="TRUE">ADMNAME</attrlabl><attalias Sync="TRUE">ADMNAME</attalias><attrtype Sync="TRUE">String</attrtype><attwidth Sync="TRUE">36</attwidth><atprecis Sync="TRUE">0</atprecis><attscale Sync="TRUE">0</attscale></attr><attr><attrlabl Sync="TRUE">ADMPHONE</attrlabl><attalias Sync="TRUE">ADMPHONE</attalias><attrtype Sync="TRUE">String</attrtype><attwidth Sync="TRUE">13</attwidth><atprecis Sync="TRUE">0</atprecis><attscale Sync="TRUE">0</attscale></attr><attr><attrlabl Sync="TRUE">DONNAME</attrlabl><attalias Sync="TRUE">DONNAME</attalias><attrtype Sync="TRUE">String</attrtype><attwidth Sync="TRUE">37</attwidth><atprecis Sync="TRUE">0</atprecis><attscale Sync="TRUE">0</attscale></attr><attr><attrlabl Sync="TRUE">MGMTNAME</attrlabl><attalias Sync="TRUE">MGMTNAME</attalias><attrtype Sync="TRUE">String</attrtype><attwidth Sync="TRUE">46</attwidth><atprecis Sync="TRUE">0</atprecis><attscale Sync="TRUE">0</attscale></attr><attr><attrlabl Sync="TRUE">MGMTADDR</attrlabl><attalias Sync="TRUE">MGMTADDR</attalias><attrtype Sync="TRUE">String</attrtype><attwidth Sync="TRUE">53</attwidth><atprecis Sync="TRUE">0</atprecis><attscale Sync="TRUE">0</attscale></attr><attr><attrlabl Sync="TRUE">PARNAME</attrlabl><attalias Sync="TRUE">PARNAME</attalias><attrtype Sync="TRUE">String</attrtype><attwidth Sync="TRUE">55</attwidth><atprecis Sync="TRUE">0</atprecis><attscale Sync="TRUE">0</attscale></attr><attr><attrlabl Sync="TRUE">PARADDR</attrlabl><attalias Sync="TRUE">PARADDR</attalias><attrtype Sync="TRUE">String</attrtype><attwidth Sync="TRUE">56</attwidth><atprecis Sync="TRUE">0</atprecis><attscale Sync="TRUE">0</attscale></attr><attr><attrlabl Sync="TRUE">OWNER</attrlabl><attalias Sync="TRUE">OWNER</attalias><attrtype Sync="TRUE">String</attrtype><attwidth Sync="TRUE">55</attwidth><atprecis Sync="TRUE">0</atprecis><attscale Sync="TRUE">0</attscale></attr><attr><attrlabl Sync="TRUE">OWNERADDR</attrlabl><attalias Sync="TRUE">OWNERADDR</attalias><attrtype Sync="TRUE">String</attrtype><attwidth Sync="TRUE">70</attwidth><atprecis Sync="TRUE">0</atprecis><attscale Sync="TRUE">0</attscale></attr><attr><attrlabl Sync="TRUE">HOLDSTYPE</attrlabl><attalias Sync="TRUE">HOLDSTYPE</attalias><attrtype Sync="TRUE">String</attrtype><attwidth Sync="TRUE">3</attwidth><atprecis Sync="TRUE">0</atprecis><attscale Sync="TRUE">0</attscale></attr><attr><attrlabl Sync="TRUE">Name</attrlabl><attalias Sync="TRUE">Name</attalias><attrtype Sync="TRUE">String</attrtype><attwidth Sync="TRUE">50</attwidth><atprecis Sync="TRUE">0</atprecis><attscale Sync="TRUE">0</attscale></attr></detailed></eainfo><mdDateSt Sync="TRUE">20220114</mdDateSt></metadata>
