<?xml version="1.0" encoding="UTF-8"?>
<metadata xml:lang="en"><Esri><CreaDate>20220112</CreaDate><CreaTime>10282100</CreaTime><ArcGISFormat>1.0</ArcGISFormat><SyncOnce>FALSE</SyncOnce><DataProperties><lineage><Process ToolSource="c:\arcgis\desktop10.7\ArcToolbox\Toolboxes\Data Management Tools.tbx\CopyFeatures" Date="20210902" Time="063109">CopyFeatures C:/Users/a-blacksr/AppData/Roaming/ESRI/Desktop10.7/ArcCatalog/TAX.sde\tax.sde.parcel_camaownerparcelinfo D:\GIS\ArcMap\OpenMapping.gdb\County\parcel_camaownerparcelinfo # 0 0 0</Process><Process ToolSource="c:\arcgis\desktop10.7\ArcToolbox\Toolboxes\Conversion Tools.tbx\FeatureClassToFeatureClass" Date="20210902" Time="063234">FeatureClassToFeatureClass D:/GIS/ArcMap/OpenMapping.gdb/County/parcel_camaownerparcelinfo D:/GIS/Python/OpenMapping Parcel_Ownership # "pid "pid" true true false 8 Text 0 0 ,First,#,D:/GIS/ArcMap/OpenMapping.gdb/County/parcel_camaownerparcelinfo,pid,-1,-1;objectid_1 "objectid" true true false 4 Long 0 0 ,First,#,D:/GIS/ArcMap/OpenMapping.gdb/County/parcel_camaownerparcelinfo,objectid_1,-1,-1;id_commonp "id_commonp" true true false 20 Text 0 0 ,First,#,D:/GIS/ArcMap/OpenMapping.gdb/County/parcel_camaownerparcelinfo,id_commonpid,-1,-1;camapid "camapid" true true false 9 Text 0 0 ,First,#,D:/GIS/ArcMap/OpenMapping.gdb/County/parcel_camaownerparcelinfo,camapid,-1,-1;propertyid "propertyid" true true false 8 Double 0 0 ,First,#,D:/GIS/ArcMap/OpenMapping.gdb/County/parcel_camaownerparcelinfo,propertyid,-1,-1;full_owner "full_owner" true true false 255 Text 0 0 ,First,#,D:/GIS/ArcMap/OpenMapping.gdb/County/parcel_camaownerparcelinfo,full_owner_name,-1,-1;nme_ownerl "nme_ownerl" true true false 255 Text 0 0 ,First,#,D:/GIS/ArcMap/OpenMapping.gdb/County/parcel_camaownerparcelinfo,nme_ownerlastname,-1,-1;nme_ownerf "nme_ownerf" true true false 255 Text 0 0 ,First,#,D:/GIS/ArcMap/OpenMapping.gdb/County/parcel_camaownerparcelinfo,nme_ownerfirstname,-1,-1;secownerla "secownerla" true true false 255 Text 0 0 ,First,#,D:/GIS/ArcMap/OpenMapping.gdb/County/parcel_camaownerparcelinfo,secownerlastname,-1,-1;secownerfi "secownerfi" true true false 255 Text 0 0 ,First,#,D:/GIS/ArcMap/OpenMapping.gdb/County/parcel_camaownerparcelinfo,secownerfirstname,-1,-1;txt_mailad "txt_mailad" true true false 255 Text 0 0 ,First,#,D:/GIS/ArcMap/OpenMapping.gdb/County/parcel_camaownerparcelinfo,txt_mailaddr1,-1,-1;txt_mail_1 "txt_mail_1" true true false 255 Text 0 0 ,First,#,D:/GIS/ArcMap/OpenMapping.gdb/County/parcel_camaownerparcelinfo,txt_mailaddr2,-1,-1;txt_city "txt_city" true true false 50 Text 0 0 ,First,#,D:/GIS/ArcMap/OpenMapping.gdb/County/parcel_camaownerparcelinfo,txt_city,-1,-1;txt_state "txt_state" true true false 50 Text 0 0 ,First,#,D:/GIS/ArcMap/OpenMapping.gdb/County/parcel_camaownerparcelinfo,txt_state,-1,-1;txt_zipcod "txt_zipcod" true true false 10 Text 0 0 ,First,#,D:/GIS/ArcMap/OpenMapping.gdb/County/parcel_camaownerparcelinfo,txt_zipcode,-1,-1;amt_netbld "amt_netbld" true true false 8 Double 0 0 ,First,#,D:/GIS/ArcMap/OpenMapping.gdb/County/parcel_camaownerparcelinfo,amt_netbldgvalue,-1,-1;amt_extraf "amt_extraf" true true false 8 Double 0 0 ,First,#,D:/GIS/ArcMap/OpenMapping.gdb/County/parcel_camaownerparcelinfo,amt_extrafeaturevalue,-1,-1;txt_landun "txt_landun" true true false 10 Text 0 0 ,First,#,D:/GIS/ArcMap/OpenMapping.gdb/County/parcel_camaownerparcelinfo,txt_landunittype,-1,-1;amt_landva "amt_landva" true true false 8 Double 0 0 ,First,#,D:/GIS/ArcMap/OpenMapping.gdb/County/parcel_camaownerparcelinfo,amt_landvalue,-1,-1;amt_totalv "amt_totalv" true true false 8 Double 0 0 ,First,#,D:/GIS/ArcMap/OpenMapping.gdb/County/parcel_camaownerparcelinfo,amt_totalvalue,-1,-1;txt_legald "txt_legald" true true false 1073741822 Text 0 0 ,First,#,D:/GIS/ArcMap/OpenMapping.gdb/County/parcel_camaownerparcelinfo,txt_legaldesc,-1,-1;txt_proper "txt_proper" true true false 50 Text 0 0 ,First,#,D:/GIS/ArcMap/OpenMapping.gdb/County/parcel_camaownerparcelinfo,txt_propertyuse_desc,-1,-1;num_totala "num_totala" true true false 8 Double 0 0 ,First,#,D:/GIS/ArcMap/OpenMapping.gdb/County/parcel_camaownerparcelinfo,num_totalac,-1,-1;dte_dateof "dte_dateof" true true false 8 Date 0 0 ,First,#,D:/GIS/ArcMap/OpenMapping.gdb/County/parcel_camaownerparcelinfo,dte_dateofsale,-1,-1;amt_price "amt_price" true true false 8 Double 0 0 ,First,#,D:/GIS/ArcMap/OpenMapping.gdb/County/parcel_camaownerparcelinfo,amt_price,-1,-1;txt_deedbo "txt_deedbo" true true false 20 Text 0 0 ,First,#,D:/GIS/ArcMap/OpenMapping.gdb/County/parcel_camaownerparcelinfo,txt_deedbook,-1,-1;txt_deedpa "txt_deedpa" true true false 20 Text 0 0 ,First,#,D:/GIS/ArcMap/OpenMapping.gdb/County/parcel_camaownerparcelinfo,txt_deedpage,-1,-1;situsaddre "situsaddre" true true false 107 Text 0 0 ,First,#,D:/GIS/ArcMap/OpenMapping.gdb/County/parcel_camaownerparcelinfo,situsaddress1,-1,-1;situsadd_1 "situsadd_1" true true false 100 Text 0 0 ,First,#,D:/GIS/ArcMap/OpenMapping.gdb/County/parcel_camaownerparcelinfo,situsaddress1juris,-1,-1;municipali "municipali" true true false 100 Text 0 0 ,First,#,D:/GIS/ArcMap/OpenMapping.gdb/County/parcel_camaownerparcelinfo,municipality_desc,-1,-1;shape_Leng "shape_Leng" false true true 8 Double 0 0 ,First,#,D:/GIS/ArcMap/OpenMapping.gdb/County/parcel_camaownerparcelinfo,shape_Length,-1,-1;shape_Area "shape_Area" false true true 8 Double 0 0 ,First,#,D:/GIS/ArcMap/OpenMapping.gdb/County/parcel_camaownerparcelinfo,shape_Area,-1,-1" #</Process><Process ToolSource="c:\program files (x86)\arcgis\desktop10.8\ArcToolbox\Toolboxes\Data Management Tools.tbx\Merge" Date="20220110" Time="145144">Merge NoDevelopmentZones;NoDevelopmentZones2;NoDevelopmentZones3;NoDevelopmentZones4 "X:\Admin_Non Project\NC\Business Development\Conferences\ITE Sandbox Competition_2022\ArcView\NoDevelopmentZones_final.shp" "pid "pid" true true false 8 Text 0 0 ,First,#,NoDevelopmentZones,pid,-1,-1,NoDevelopmentZones2,pid,-1,-1,NoDevelopmentZones3,pid,-1,-1,NoDevelopmentZones4,pid,-1,-1;objectid_1 "objectid_1" true true false 10 Long 0 10 ,First,#,NoDevelopmentZones,objectid_1,-1,-1,NoDevelopmentZones2,objectid_1,-1,-1,NoDevelopmentZones3,objectid_1,-1,-1,NoDevelopmentZones4,objectid_1,-1,-1;id_commonp "id_commonp" true true false 20 Text 0 0 ,First,#,NoDevelopmentZones,id_commonp,-1,-1,NoDevelopmentZones2,id_commonp,-1,-1,NoDevelopmentZones3,id_commonp,-1,-1,NoDevelopmentZones4,id_commonp,-1,-1;camapid "camapid" true true false 9 Text 0 0 ,First,#,NoDevelopmentZones,camapid,-1,-1,NoDevelopmentZones2,camapid,-1,-1,NoDevelopmentZones3,camapid,-1,-1,NoDevelopmentZones4,camapid,-1,-1;propertyid "propertyid" true true false 19 Double 0 0 ,First,#,NoDevelopmentZones,propertyid,-1,-1,NoDevelopmentZones2,propertyid,-1,-1,NoDevelopmentZones3,propertyid,-1,-1,NoDevelopmentZones4,propertyid,-1,-1;full_owner "full_owner" true true false 254 Text 0 0 ,First,#,NoDevelopmentZones,full_owner,-1,-1,NoDevelopmentZones2,full_owner,-1,-1,NoDevelopmentZones3,full_owner,-1,-1,NoDevelopmentZones4,full_owner,-1,-1;nme_ownerl "nme_ownerl" true true false 254 Text 0 0 ,First,#,NoDevelopmentZones,nme_ownerl,-1,-1,NoDevelopmentZones2,nme_ownerl,-1,-1,NoDevelopmentZones3,nme_ownerl,-1,-1,NoDevelopmentZones4,nme_ownerl,-1,-1;nme_ownerf "nme_ownerf" true true false 254 Text 0 0 ,First,#,NoDevelopmentZones,nme_ownerf,-1,-1,NoDevelopmentZones2,nme_ownerf,-1,-1,NoDevelopmentZones3,nme_ownerf,-1,-1,NoDevelopmentZones4,nme_ownerf,-1,-1;secownerla "secownerla" true true false 254 Text 0 0 ,First,#,NoDevelopmentZones,secownerla,-1,-1,NoDevelopmentZones2,secownerla,-1,-1,NoDevelopmentZones3,secownerla,-1,-1,NoDevelopmentZones4,secownerla,-1,-1;secownerfi "secownerfi" true true false 254 Text 0 0 ,First,#,NoDevelopmentZones,secownerfi,-1,-1,NoDevelopmentZones2,secownerfi,-1,-1,NoDevelopmentZones3,secownerfi,-1,-1,NoDevelopmentZones4,secownerfi,-1,-1;txt_mailad "txt_mailad" true true false 254 Text 0 0 ,First,#,NoDevelopmentZones,txt_mailad,-1,-1,NoDevelopmentZones2,txt_mailad,-1,-1,NoDevelopmentZones3,txt_mailad,-1,-1,NoDevelopmentZones4,txt_mailad,-1,-1;txt_mail_1 "txt_mail_1" true true false 254 Text 0 0 ,First,#,NoDevelopmentZones,txt_mail_1,-1,-1,NoDevelopmentZones2,txt_mail_1,-1,-1,NoDevelopmentZones3,txt_mail_1,-1,-1,NoDevelopmentZones4,txt_mail_1,-1,-1;txt_city "txt_city" true true false 50 Text 0 0 ,First,#,NoDevelopmentZones,txt_city,-1,-1,NoDevelopmentZones2,txt_city,-1,-1,NoDevelopmentZones3,txt_city,-1,-1,NoDevelopmentZones4,txt_city,-1,-1;txt_state "txt_state" true true false 50 Text 0 0 ,First,#,NoDevelopmentZones,txt_state,-1,-1,NoDevelopmentZones2,txt_state,-1,-1,NoDevelopmentZones3,txt_state,-1,-1,NoDevelopmentZones4,txt_state,-1,-1;txt_zipcod "txt_zipcod" true true false 10 Text 0 0 ,First,#,NoDevelopmentZones,txt_zipcod,-1,-1,NoDevelopmentZones2,txt_zipcod,-1,-1,NoDevelopmentZones3,txt_zipcod,-1,-1,NoDevelopmentZones4,txt_zipcod,-1,-1;amt_netbld "amt_netbld" true true false 19 Double 0 0 ,First,#,NoDevelopmentZones,amt_netbld,-1,-1,NoDevelopmentZones2,amt_netbld,-1,-1,NoDevelopmentZones3,amt_netbld,-1,-1,NoDevelopmentZones4,amt_netbld,-1,-1;amt_extraf "amt_extraf" true true false 19 Double 0 0 ,First,#,NoDevelopmentZones,amt_extraf,-1,-1,NoDevelopmentZones2,amt_extraf,-1,-1,NoDevelopmentZones3,amt_extraf,-1,-1,NoDevelopmentZones4,amt_extraf,-1,-1;txt_landun "txt_landun" true true false 10 Text 0 0 ,First,#,NoDevelopmentZones,txt_landun,-1,-1,NoDevelopmentZones2,txt_landun,-1,-1,NoDevelopmentZones3,txt_landun,-1,-1,NoDevelopmentZones4,txt_landun,-1,-1;amt_landva "amt_landva" true true false 19 Double 0 0 ,First,#,NoDevelopmentZones,amt_landva,-1,-1,NoDevelopmentZones2,amt_landva,-1,-1,NoDevelopmentZones3,amt_landva,-1,-1,NoDevelopmentZones4,amt_landva,-1,-1;amt_totalv "amt_totalv" true true false 19 Double 0 0 ,First,#,NoDevelopmentZones,amt_totalv,-1,-1,NoDevelopmentZones2,amt_totalv,-1,-1,NoDevelopmentZones3,amt_totalv,-1,-1,NoDevelopmentZones4,amt_totalv,-1,-1;txt_legald "txt_legald" true true false 254 Text 0 0 ,First,#,NoDevelopmentZones,txt_legald,-1,-1,NoDevelopmentZones2,txt_legald,-1,-1,NoDevelopmentZones3,txt_legald,-1,-1,NoDevelopmentZones4,txt_legald,-1,-1;txt_proper "txt_proper" true true false 50 Text 0 0 ,First,#,NoDevelopmentZones,txt_proper,-1,-1,NoDevelopmentZones2,txt_proper,-1,-1,NoDevelopmentZones3,txt_proper,-1,-1,NoDevelopmentZones4,txt_proper,-1,-1;num_totala "num_totala" true true false 19 Double 0 0 ,First,#,NoDevelopmentZones,num_totala,-1,-1,NoDevelopmentZones2,num_totala,-1,-1,NoDevelopmentZones3,num_totala,-1,-1,NoDevelopmentZones4,num_totala,-1,-1;dte_dateof "dte_dateof" true true false 8 Date 0 0 ,First,#,NoDevelopmentZones,dte_dateof,-1,-1,NoDevelopmentZones2,dte_dateof,-1,-1,NoDevelopmentZones3,dte_dateof,-1,-1,NoDevelopmentZones4,dte_dateof,-1,-1;amt_price "amt_price" true true false 19 Double 0 0 ,First,#,NoDevelopmentZones,amt_price,-1,-1,NoDevelopmentZones2,amt_price,-1,-1,NoDevelopmentZones3,amt_price,-1,-1,NoDevelopmentZones4,amt_price,-1,-1;txt_deedbo "txt_deedbo" true true false 20 Text 0 0 ,First,#,NoDevelopmentZones,txt_deedbo,-1,-1,NoDevelopmentZones2,txt_deedbo,-1,-1,NoDevelopmentZones3,txt_deedbo,-1,-1,NoDevelopmentZones4,txt_deedbo,-1,-1;txt_deedpa "txt_deedpa" true true false 20 Text 0 0 ,First,#,NoDevelopmentZones,txt_deedpa,-1,-1,NoDevelopmentZones2,txt_deedpa,-1,-1,NoDevelopmentZones3,txt_deedpa,-1,-1,NoDevelopmentZones4,txt_deedpa,-1,-1;situsaddre "situsaddre" true true false 107 Text 0 0 ,First,#,NoDevelopmentZones,situsaddre,-1,-1,NoDevelopmentZones2,situsaddre,-1,-1,NoDevelopmentZones3,situsaddre,-1,-1,NoDevelopmentZones4,situsaddre,-1,-1;situsadd_1 "situsadd_1" true true false 100 Text 0 0 ,First,#,NoDevelopmentZones,situsadd_1,-1,-1,NoDevelopmentZones2,situsadd_1,-1,-1,NoDevelopmentZones3,situsadd_1,-1,-1,NoDevelopmentZones4,situsadd_1,-1,-1;municipali "municipali" true true false 100 Text 0 0 ,First,#,NoDevelopmentZones,municipali,-1,-1,NoDevelopmentZones2,municipali,-1,-1,NoDevelopmentZones3,municipali,-1,-1,NoDevelopmentZones4,municipali,-1,-1;shape_Leng "shape_Leng" true true false 19 Double 0 0 ,First,#,NoDevelopmentZones,shape_Leng,-1,-1,NoDevelopmentZones2,shape_Leng,-1,-1,NoDevelopmentZones3,shape_Leng,-1,-1,NoDevelopmentZones4,shape_Leng,-1,-1;shape_Area "shape_Area" true true false 19 Double 0 0 ,First,#,NoDevelopmentZones,shape_Area,-1,-1,NoDevelopmentZones2,shape_Area,-1,-1,NoDevelopmentZones3,shape_Area,-1,-1,NoDevelopmentZones4,shape_Area,-1,-1;NoDev_ZnNo "NoDev_ZnNo" true true false 5 Long 0 5 ,First,#,NoDevelopmentZones,NoDev_ZnNo,-1,-1,NoDevelopmentZones2,NoDev_ZnNo,-1,-1,NoDevelopmentZones3,NoDev_ZnNo,-1,-1,NoDevelopmentZones4,NoDev_ZnNo,-1,-1"</Process></lineage><itemProps><itemName Sync="TRUE">NoDevelopmentZones_final</itemName><imsContentType Sync="TRUE">002</imsContentType><itemSize Sync="TRUE">0.000</itemSize><itemLocation><linkage Sync="TRUE">file://\\rsandh.com\files\Transportation\Admin_Non Project\NC\Business Development\Conferences\ITE Sandbox Competition_2022\ArcView\NoDevelopmentZones_final.shp</linkage><protocol Sync="TRUE">Local Area Network</protocol></itemLocation></itemProps><coordRef><type Sync="TRUE">Projected</type><geogcsn Sync="TRUE">GCS_North_American_1983</geogcsn><csUnits Sync="TRUE">Linear Unit: Foot_US (0.304801)</csUnits><projcsn Sync="TRUE">NAD_1983_StatePlane_North_Carolina_FIPS_3200_Feet</projcsn><peXml Sync="TRUE">&lt;ProjectedCoordinateSystem xsi:type='typens:ProjectedCoordinateSystem' xmlns:xsi='http://www.w3.org/2001/XMLSchema-instance' xmlns:xs='http://www.w3.org/2001/XMLSchema' xmlns:typens='http://www.esri.com/schemas/ArcGIS/10.8'&gt;&lt;WKT&gt;PROJCS[&amp;quot;NAD_1983_StatePlane_North_Carolina_FIPS_3200_Feet&amp;quot;,GEOGCS[&amp;quot;GCS_North_American_1983&amp;quot;,DATUM[&amp;quot;D_North_American_1983&amp;quot;,SPHEROID[&amp;quot;GRS_1980&amp;quot;,6378137.0,298.257222101]],PRIMEM[&amp;quot;Greenwich&amp;quot;,0.0],UNIT[&amp;quot;Degree&amp;quot;,0.0174532925199433]],PROJECTION[&amp;quot;Lambert_Conformal_Conic&amp;quot;],PARAMETER[&amp;quot;False_Easting&amp;quot;,2000000.002616666],PARAMETER[&amp;quot;False_Northing&amp;quot;,0.0],PARAMETER[&amp;quot;Central_Meridian&amp;quot;,-79.0],PARAMETER[&amp;quot;Standard_Parallel_1&amp;quot;,34.33333333333334],PARAMETER[&amp;quot;Standard_Parallel_2&amp;quot;,36.16666666666666],PARAMETER[&amp;quot;Latitude_Of_Origin&amp;quot;,33.75],UNIT[&amp;quot;Foot_US&amp;quot;,0.3048006096012192],AUTHORITY[&amp;quot;EPSG&amp;quot;,2264]]&lt;/WKT&gt;&lt;XOrigin&gt;-121841900&lt;/XOrigin&gt;&lt;YOrigin&gt;-93659000&lt;/YOrigin&gt;&lt;XYScale&gt;36365718.124241434&lt;/XYScale&gt;&lt;ZOrigin&gt;-100000&lt;/ZOrigin&gt;&lt;ZScale&gt;10000&lt;/ZScale&gt;&lt;MOrigin&gt;-100000&lt;/MOrigin&gt;&lt;MScale&gt;10000&lt;/MScale&gt;&lt;XYTolerance&gt;0.0032808333333333331&lt;/XYTolerance&gt;&lt;ZTolerance&gt;0.001&lt;/ZTolerance&gt;&lt;MTolerance&gt;0.001&lt;/MTolerance&gt;&lt;HighPrecision&gt;true&lt;/HighPrecision&gt;&lt;WKID&gt;102719&lt;/WKID&gt;&lt;LatestWKID&gt;2264&lt;/LatestWKID&gt;&lt;/ProjectedCoordinateSystem&gt;</peXml></coordRef></DataProperties><SyncDate>20220110</SyncDate><SyncTime>14513900</SyncTime><ModDate>20220110</ModDate><ModTime>14513900</ModTime></Esri><dataIdInfo><envirDesc Sync="TRUE"> Version 6.2 (Build 9200) ; Esri ArcGIS 10.8.1.14362</envirDesc><dataLang><languageCode value="eng" Sync="TRUE"></languageCode><countryCode value="USA" Sync="TRUE"></countryCode></dataLang><idCitation><resTitle Sync="TRUE">NoDevelopmentZones_final</resTitle><presForm><PresFormCd value="005" Sync="TRUE"></PresFormCd></presForm></idCitation><spatRpType><SpatRepTypCd value="001" Sync="TRUE"></SpatRepTypCd></spatRpType></dataIdInfo><mdLang><languageCode value="eng" Sync="TRUE"></languageCode><countryCode value="USA" Sync="TRUE"></countryCode></mdLang><distInfo><distFormat><formatName Sync="TRUE">Shapefile</formatName></distFormat><distTranOps><transSize Sync="TRUE">0.000</transSize></distTranOps></distInfo><mdHrLv><ScopeCd value="005" Sync="TRUE"></ScopeCd></mdHrLv><mdHrLvName Sync="TRUE">dataset</mdHrLvName><refSysInfo><RefSystem><refSysID><identCode code="2264" Sync="TRUE"></identCode><idCodeSpace Sync="TRUE">EPSG</idCodeSpace><idVersion Sync="TRUE">6.12(9.0.0)</idVersion></refSysID></RefSystem></refSysInfo><spatRepInfo><VectSpatRep><geometObjs Name="NoDevelopmentZones_final"><geoObjTyp><GeoObjTypCd value="002" Sync="TRUE"></GeoObjTypCd></geoObjTyp><geoObjCnt Sync="TRUE">0</geoObjCnt></geometObjs><topLvl><TopoLevCd value="001" Sync="TRUE"></TopoLevCd></topLvl></VectSpatRep></spatRepInfo><spdoinfo><ptvctinf><esriterm Name="NoDevelopmentZones_final"><efeatyp Sync="TRUE">Simple</efeatyp><efeageom code="4" Sync="TRUE"></efeageom><esritopo Sync="TRUE">FALSE</esritopo><efeacnt Sync="TRUE">0</efeacnt><spindex Sync="TRUE">FALSE</spindex><linrefer Sync="TRUE">FALSE</linrefer></esriterm></ptvctinf></spdoinfo><eainfo><detailed Name="NoDevelopmentZones_final"><enttyp><enttypl Sync="TRUE">NoDevelopmentZones_final</enttypl><enttypt Sync="TRUE">Feature Class</enttypt><enttypc Sync="TRUE">0</enttypc></enttyp><attr><attrlabl Sync="TRUE">FID</attrlabl><attalias Sync="TRUE">FID</attalias><attrtype Sync="TRUE">OID</attrtype><attwidth Sync="TRUE">4</attwidth><atprecis Sync="TRUE">0</atprecis><attscale Sync="TRUE">0</attscale><attrdef Sync="TRUE">Internal feature number.</attrdef><attrdefs Sync="TRUE">Esri</attrdefs><attrdomv><udom Sync="TRUE">Sequential unique whole numbers that are automatically generated.</udom></attrdomv></attr><attr><attrlabl Sync="TRUE">Shape</attrlabl><attalias Sync="TRUE">Shape</attalias><attrtype Sync="TRUE">Geometry</attrtype><attwidth Sync="TRUE">0</attwidth><atprecis Sync="TRUE">0</atprecis><attscale Sync="TRUE">0</attscale><attrdef Sync="TRUE">Feature geometry.</attrdef><attrdefs Sync="TRUE">Esri</attrdefs><attrdomv><udom Sync="TRUE">Coordinates defining the features.</udom></attrdomv></attr><attr><attrlabl Sync="TRUE">pid</attrlabl><attalias Sync="TRUE">pid</attalias><attrtype Sync="TRUE">String</attrtype><attwidth Sync="TRUE">8</attwidth><atprecis Sync="TRUE">0</atprecis><attscale Sync="TRUE">0</attscale></attr><attr><attrlabl Sync="TRUE">objectid_1</attrlabl><attalias Sync="TRUE">objectid_1</attalias><attrtype Sync="TRUE">Integer</attrtype><attwidth Sync="TRUE">10</attwidth><atprecis Sync="TRUE">10</atprecis><attscale Sync="TRUE">0</attscale></attr><attr><attrlabl Sync="TRUE">id_commonp</attrlabl><attalias Sync="TRUE">id_commonp</attalias><attrtype Sync="TRUE">String</attrtype><attwidth Sync="TRUE">20</attwidth><atprecis Sync="TRUE">0</atprecis><attscale Sync="TRUE">0</attscale></attr><attr><attrlabl Sync="TRUE">camapid</attrlabl><attalias Sync="TRUE">camapid</attalias><attrtype Sync="TRUE">String</attrtype><attwidth Sync="TRUE">9</attwidth><atprecis Sync="TRUE">0</atprecis><attscale Sync="TRUE">0</attscale></attr><attr><attrlabl Sync="TRUE">propertyid</attrlabl><attalias Sync="TRUE">propertyid</attalias><attrtype Sync="TRUE">Double</attrtype><attwidth Sync="TRUE">19</attwidth><atprecis Sync="TRUE">0</atprecis><attscale Sync="TRUE">0</attscale></attr><attr><attrlabl Sync="TRUE">full_owner</attrlabl><attalias Sync="TRUE">full_owner</attalias><attrtype Sync="TRUE">String</attrtype><attwidth Sync="TRUE">254</attwidth><atprecis Sync="TRUE">0</atprecis><attscale Sync="TRUE">0</attscale></attr><attr><attrlabl Sync="TRUE">nme_ownerl</attrlabl><attalias Sync="TRUE">nme_ownerl</attalias><attrtype Sync="TRUE">String</attrtype><attwidth Sync="TRUE">254</attwidth><atprecis Sync="TRUE">0</atprecis><attscale Sync="TRUE">0</attscale></attr><attr><attrlabl Sync="TRUE">nme_ownerf</attrlabl><attalias Sync="TRUE">nme_ownerf</attalias><attrtype Sync="TRUE">String</attrtype><attwidth Sync="TRUE">254</attwidth><atprecis Sync="TRUE">0</atprecis><attscale Sync="TRUE">0</attscale></attr><attr><attrlabl Sync="TRUE">secownerla</attrlabl><attalias Sync="TRUE">secownerla</attalias><attrtype Sync="TRUE">String</attrtype><attwidth Sync="TRUE">254</attwidth><atprecis Sync="TRUE">0</atprecis><attscale Sync="TRUE">0</attscale></attr><attr><attrlabl Sync="TRUE">secownerfi</attrlabl><attalias Sync="TRUE">secownerfi</attalias><attrtype Sync="TRUE">String</attrtype><attwidth Sync="TRUE">254</attwidth><atprecis Sync="TRUE">0</atprecis><attscale Sync="TRUE">0</attscale></attr><attr><attrlabl Sync="TRUE">txt_mailad</attrlabl><attalias Sync="TRUE">txt_mailad</attalias><attrtype Sync="TRUE">String</attrtype><attwidth Sync="TRUE">254</attwidth><atprecis Sync="TRUE">0</atprecis><attscale Sync="TRUE">0</attscale></attr><attr><attrlabl Sync="TRUE">txt_mail_1</attrlabl><attalias Sync="TRUE">txt_mail_1</attalias><attrtype Sync="TRUE">String</attrtype><attwidth Sync="TRUE">254</attwidth><atprecis Sync="TRUE">0</atprecis><attscale Sync="TRUE">0</attscale></attr><attr><attrlabl Sync="TRUE">txt_city</attrlabl><attalias Sync="TRUE">txt_city</attalias><attrtype Sync="TRUE">String</attrtype><attwidth Sync="TRUE">50</attwidth><atprecis Sync="TRUE">0</atprecis><attscale Sync="TRUE">0</attscale></attr><attr><attrlabl Sync="TRUE">txt_state</attrlabl><attalias Sync="TRUE">txt_state</attalias><attrtype Sync="TRUE">String</attrtype><attwidth Sync="TRUE">50</attwidth><atprecis Sync="TRUE">0</atprecis><attscale Sync="TRUE">0</attscale></attr><attr><attrlabl Sync="TRUE">txt_zipcod</attrlabl><attalias Sync="TRUE">txt_zipcod</attalias><attrtype Sync="TRUE">String</attrtype><attwidth Sync="TRUE">10</attwidth><atprecis Sync="TRUE">0</atprecis><attscale Sync="TRUE">0</attscale></attr><attr><attrlabl Sync="TRUE">amt_netbld</attrlabl><attalias Sync="TRUE">amt_netbld</attalias><attrtype Sync="TRUE">Double</attrtype><attwidth Sync="TRUE">19</attwidth><atprecis Sync="TRUE">0</atprecis><attscale Sync="TRUE">0</attscale></attr><attr><attrlabl Sync="TRUE">amt_extraf</attrlabl><attalias Sync="TRUE">amt_extraf</attalias><attrtype Sync="TRUE">Double</attrtype><attwidth Sync="TRUE">19</attwidth><atprecis Sync="TRUE">0</atprecis><attscale Sync="TRUE">0</attscale></attr><attr><attrlabl Sync="TRUE">txt_landun</attrlabl><attalias Sync="TRUE">txt_landun</attalias><attrtype Sync="TRUE">String</attrtype><attwidth Sync="TRUE">10</attwidth><atprecis Sync="TRUE">0</atprecis><attscale Sync="TRUE">0</attscale></attr><attr><attrlabl Sync="TRUE">amt_landva</attrlabl><attalias Sync="TRUE">amt_landva</attalias><attrtype Sync="TRUE">Double</attrtype><attwidth Sync="TRUE">19</attwidth><atprecis Sync="TRUE">0</atprecis><attscale Sync="TRUE">0</attscale></attr><attr><attrlabl Sync="TRUE">amt_totalv</attrlabl><attalias Sync="TRUE">amt_totalv</attalias><attrtype Sync="TRUE">Double</attrtype><attwidth Sync="TRUE">19</attwidth><atprecis Sync="TRUE">0</atprecis><attscale Sync="TRUE">0</attscale></attr><attr><attrlabl Sync="TRUE">txt_legald</attrlabl><attalias Sync="TRUE">txt_legald</attalias><attrtype Sync="TRUE">String</attrtype><attwidth Sync="TRUE">254</attwidth><atprecis Sync="TRUE">0</atprecis><attscale Sync="TRUE">0</attscale></attr><attr><attrlabl Sync="TRUE">txt_proper</attrlabl><attalias Sync="TRUE">txt_proper</attalias><attrtype Sync="TRUE">String</attrtype><attwidth Sync="TRUE">50</attwidth><atprecis Sync="TRUE">0</atprecis><attscale Sync="TRUE">0</attscale></attr><attr><attrlabl Sync="TRUE">num_totala</attrlabl><attalias Sync="TRUE">num_totala</attalias><attrtype Sync="TRUE">Double</attrtype><attwidth Sync="TRUE">19</attwidth><atprecis Sync="TRUE">0</atprecis><attscale Sync="TRUE">0</attscale></attr><attr><attrlabl Sync="TRUE">dte_dateof</attrlabl><attalias Sync="TRUE">dte_dateof</attalias><attrtype Sync="TRUE">Date</attrtype><attwidth Sync="TRUE">8</attwidth><atprecis Sync="TRUE">0</atprecis><attscale Sync="TRUE">0</attscale></attr><attr><attrlabl Sync="TRUE">amt_price</attrlabl><attalias Sync="TRUE">amt_price</attalias><attrtype Sync="TRUE">Double</attrtype><attwidth Sync="TRUE">19</attwidth><atprecis Sync="TRUE">0</atprecis><attscale Sync="TRUE">0</attscale></attr><attr><attrlabl Sync="TRUE">txt_deedbo</attrlabl><attalias Sync="TRUE">txt_deedbo</attalias><attrtype Sync="TRUE">String</attrtype><attwidth Sync="TRUE">20</attwidth><atprecis Sync="TRUE">0</atprecis><attscale Sync="TRUE">0</attscale></attr><attr><attrlabl Sync="TRUE">txt_deedpa</attrlabl><attalias Sync="TRUE">txt_deedpa</attalias><attrtype Sync="TRUE">String</attrtype><attwidth Sync="TRUE">20</attwidth><atprecis Sync="TRUE">0</atprecis><attscale Sync="TRUE">0</attscale></attr><attr><attrlabl Sync="TRUE">situsaddre</attrlabl><attalias Sync="TRUE">situsaddre</attalias><attrtype Sync="TRUE">String</attrtype><attwidth Sync="TRUE">107</attwidth><atprecis Sync="TRUE">0</atprecis><attscale Sync="TRUE">0</attscale></attr><attr><attrlabl Sync="TRUE">situsadd_1</attrlabl><attalias Sync="TRUE">situsadd_1</attalias><attrtype Sync="TRUE">String</attrtype><attwidth Sync="TRUE">100</attwidth><atprecis Sync="TRUE">0</atprecis><attscale Sync="TRUE">0</attscale></attr><attr><attrlabl Sync="TRUE">municipali</attrlabl><attalias Sync="TRUE">municipali</attalias><attrtype Sync="TRUE">String</attrtype><attwidth Sync="TRUE">100</attwidth><atprecis Sync="TRUE">0</atprecis><attscale Sync="TRUE">0</attscale></attr><attr><attrlabl Sync="TRUE">shape_Leng</attrlabl><attalias Sync="TRUE">shape_Leng</attalias><attrtype Sync="TRUE">Double</attrtype><attwidth Sync="TRUE">19</attwidth><atprecis Sync="TRUE">0</atprecis><attscale Sync="TRUE">0</attscale></attr><attr><attrlabl Sync="TRUE">shape_Area</attrlabl><attalias Sync="TRUE">shape_Area</attalias><attrtype Sync="TRUE">Double</attrtype><attwidth Sync="TRUE">19</attwidth><atprecis Sync="TRUE">0</atprecis><attscale Sync="TRUE">0</attscale><attrdef Sync="TRUE">Area of feature in internal units squared.</attrdef><attrdefs Sync="TRUE">Esri</attrdefs><attrdomv><udom Sync="TRUE">Positive real numbers that are automatically generated.</udom></attrdomv></attr><attr><attrlabl Sync="TRUE">NoDev_ZnNo</attrlabl><attalias Sync="TRUE">NoDev_ZnNo</attalias><attrtype Sync="TRUE">Integer</attrtype><attwidth Sync="TRUE">5</attwidth><atprecis Sync="TRUE">5</atprecis><attscale Sync="TRUE">0</attscale></attr></detailed></eainfo><mdDateSt Sync="TRUE">20220110</mdDateSt><mdChar><CharSetCd value="004" Sync="TRUE"></CharSetCd></mdChar></metadata>
