<?xml version="1.0" encoding="UTF-8"?>
<metadata xml:lang="en"><Esri><CreaDate>20220110</CreaDate><CreaTime>16381400</CreaTime><ArcGISFormat>1.0</ArcGISFormat><SyncOnce>FALSE</SyncOnce><DataProperties><lineage><Process ToolSource="c:\program files (x86)\arcgis\desktop10.3\ArcToolbox\Toolboxes\Data Management Tools.tbx\CalculateField" Date="20170214" Time="114327" Name="" export="">CalculateField LYNX_SilverLineLPAStations Last_Updat "02/14/2017" VB #</Process><Process ToolSource="c:\program files (x86)\arcgis\desktop10.5\ArcToolbox\Toolboxes\Data Management Tools.tbx\DeleteFeatures" Date="20181128" Time="161013" Name="" export="">DeleteFeatures C:\ArcGIS\Connections\sdw.sde\SDW.DBO.LYNXSilverLineStations_pt</Process><Process ToolSource="c:\program files (x86)\arcgis\desktop10.5\ArcToolbox\Toolboxes\Data Management Tools.tbx\Append" Date="20181128" Time="161014" Name="" export="">Append C:\ArcGIS\Connections\dropzone.sde\dropzone."CHARLOTTE\97500".LYNXSilverLineStations_pt C:\ArcGIS\Connections\sdw.sde\SDW.DBO.LYNXSilverLineStations_pt NO_TEST "OBJECTID "OBJECTID" true true false 4 Long 0 10 ,First,#,C:\ArcGIS\Connections\dropzone.sde\dropzone."CHARLOTTE\97500".LYNXSilverLineStations_pt,OBJECTID,-1,-1;Name "Name" true true false 254 Text 0 0 ,First,#,C:\ArcGIS\Connections\dropzone.sde\dropzone."CHARLOTTE\97500".LYNXSilverLineStations_pt,Name,-1,-1;ParkRide "ParkRide" true true false 50 Text 0 0 ,First,#,C:\ArcGIS\Connections\dropzone.sde\dropzone."CHARLOTTE\97500".LYNXSilverLineStations_pt,ParkRide,-1,-1;Latitude "Latitude" true true false 8 Double 8 38 ,First,#,C:\ArcGIS\Connections\dropzone.sde\dropzone."CHARLOTTE\97500".LYNXSilverLineStations_pt,Latitude,-1,-1;Longitude "Longitude" true true false 8 Double 8 38 ,First,#,C:\ArcGIS\Connections\dropzone.sde\dropzone."CHARLOTTE\97500".LYNXSilverLineStations_pt,Longitude,-1,-1;Note "Note" true true false 50 Text 0 0 ,First,#,C:\ArcGIS\Connections\dropzone.sde\dropzone."CHARLOTTE\97500".LYNXSilverLineStations_pt,Note,-1,-1;Last_Updat "Last_Updat" true true false 50 Text 0 0 ,First,#,C:\ArcGIS\Connections\dropzone.sde\dropzone."CHARLOTTE\97500".LYNXSilverLineStations_pt,Last_Updat,-1,-1;GlobalID "GlobalID" false false false 38 GlobalID 0 0 ,First,#,C:\ArcGIS\Connections\dropzone.sde\dropzone."CHARLOTTE\97500".LYNXSilverLineStations_pt,GlobalID,-1,-1" #</Process><Process ToolSource="c:\program files (x86)\arcgis\desktop10.5\ArcToolbox\Toolboxes\Data Management Tools.tbx\DeleteFeatures" Date="20181129" Time="112015" Name="" export="">DeleteFeatures C:\ArcGIS\Connections\sdw.sde\SDW.DBO.LYNXSilverLineStations_pt</Process><Process ToolSource="c:\program files (x86)\arcgis\desktop10.5\ArcToolbox\Toolboxes\Data Management Tools.tbx\Append" Date="20181129" Time="112016" Name="" export="">Append C:\ArcGIS\Connections\dropzone.sde\dropzone."CHARLOTTE\97500".LYNXSilverLineStations_pt C:\ArcGIS\Connections\sdw.sde\SDW.DBO.LYNXSilverLineStations_pt NO_TEST "OBJECTID "OBJECTID" true true false 4 Long 0 10 ,First,#,C:\ArcGIS\Connections\dropzone.sde\dropzone."CHARLOTTE\97500".LYNXSilverLineStations_pt,OBJECTID,-1,-1;Name "Name" true true false 254 Text 0 0 ,First,#,C:\ArcGIS\Connections\dropzone.sde\dropzone."CHARLOTTE\97500".LYNXSilverLineStations_pt,Name,-1,-1;ParkRide "ParkRide" true true false 50 Text 0 0 ,First,#,C:\ArcGIS\Connections\dropzone.sde\dropzone."CHARLOTTE\97500".LYNXSilverLineStations_pt,ParkRide,-1,-1;Latitude "Latitude" true true false 8 Double 8 38 ,First,#,C:\ArcGIS\Connections\dropzone.sde\dropzone."CHARLOTTE\97500".LYNXSilverLineStations_pt,Latitude,-1,-1;Longitude "Longitude" true true false 8 Double 8 38 ,First,#,C:\ArcGIS\Connections\dropzone.sde\dropzone."CHARLOTTE\97500".LYNXSilverLineStations_pt,Longitude,-1,-1;Note "Note" true true false 50 Text 0 0 ,First,#,C:\ArcGIS\Connections\dropzone.sde\dropzone."CHARLOTTE\97500".LYNXSilverLineStations_pt,Note,-1,-1;Last_Updat "Last_Updat" true true false 50 Text 0 0 ,First,#,C:\ArcGIS\Connections\dropzone.sde\dropzone."CHARLOTTE\97500".LYNXSilverLineStations_pt,Last_Updat,-1,-1;GlobalID "GlobalID" false false false 38 GlobalID 0 0 ,First,#,C:\ArcGIS\Connections\dropzone.sde\dropzone."CHARLOTTE\97500".LYNXSilverLineStations_pt,GlobalID,-1,-1" #</Process><Process ToolSource="c:\program files (x86)\arcgis\desktop10.5\ArcToolbox\Toolboxes\Data Management Tools.tbx\DeleteFeatures" Date="20190429" Time="115025" Name="" export="">DeleteFeatures C:\ArcGIS\Connections\sdw.sde\SDW.DBO.LYNXSilverLineStations_pt</Process><Process ToolSource="c:\program files (x86)\arcgis\desktop10.5\ArcToolbox\Toolboxes\Data Management Tools.tbx\Append" Date="20190429" Time="115026" Name="" export="">Append C:\ArcGIS\Connections\dropzone.sde\dropzone."CHARLOTTE\97500".LYNXSilverLineStations_pt C:\ArcGIS\Connections\sdw.sde\SDW.DBO.LYNXSilverLineStations_pt NO_TEST "OBJECTID "OBJECTID" true true false 4 Long 0 10 ,First,#,C:\ArcGIS\Connections\dropzone.sde\dropzone."CHARLOTTE\97500".LYNXSilverLineStations_pt,OBJECTID,-1,-1;Name "Name" true true false 254 Text 0 0 ,First,#,C:\ArcGIS\Connections\dropzone.sde\dropzone."CHARLOTTE\97500".LYNXSilverLineStations_pt,Name,-1,-1;ParkRide "ParkRide" true true false 50 Text 0 0 ,First,#,C:\ArcGIS\Connections\dropzone.sde\dropzone."CHARLOTTE\97500".LYNXSilverLineStations_pt,ParkRide,-1,-1;Latitude "Latitude" true true false 8 Double 8 38 ,First,#,C:\ArcGIS\Connections\dropzone.sde\dropzone."CHARLOTTE\97500".LYNXSilverLineStations_pt,Latitude,-1,-1;Longitude "Longitude" true true false 8 Double 8 38 ,First,#,C:\ArcGIS\Connections\dropzone.sde\dropzone."CHARLOTTE\97500".LYNXSilverLineStations_pt,Longitude,-1,-1;Note "Note" true true false 50 Text 0 0 ,First,#,C:\ArcGIS\Connections\dropzone.sde\dropzone."CHARLOTTE\97500".LYNXSilverLineStations_pt,Note,-1,-1;Last_Updat "Last_Updat" true true false 50 Text 0 0 ,First,#,C:\ArcGIS\Connections\dropzone.sde\dropzone."CHARLOTTE\97500".LYNXSilverLineStations_pt,Last_Updat,-1,-1;GlobalID "GlobalID" false false false 38 GlobalID 0 0 ,First,#,C:\ArcGIS\Connections\dropzone.sde\dropzone."CHARLOTTE\97500".LYNXSilverLineStations_pt,GlobalID,-1,-1" #</Process><Process ToolSource="c:\program files (x86)\arcgis\desktop10.7\ArcToolbox\Toolboxes\Data Management Tools.tbx\DeleteFeatures" Date="20210428" Time="193035">DeleteFeatures C:\ArcGIS\Connections\sdw.sde\SDW.DBO.LYNXSilverLineStations_pt</Process><Process ToolSource="c:\program files (x86)\arcgis\desktop10.7\ArcToolbox\Toolboxes\Data Management Tools.tbx\Append" Date="20210428" Time="193037">Append C:\ArcGIS\Connections\dropzone.sde\dropzone."CHARLOTTE\97500".LYNXSilverLineStations_pt C:\ArcGIS\Connections\sdw.sde\SDW.DBO.LYNXSilverLineStations_pt NO_TEST "OBJECTID "OBJECTID" true true false 4 Long 0 10 ,First,#,C:\ArcGIS\Connections\dropzone.sde\dropzone."CHARLOTTE\97500".LYNXSilverLineStations_pt,OBJECTID,-1,-1;Name "Name" true true false 254 Text 0 0 ,First,#,C:\ArcGIS\Connections\dropzone.sde\dropzone."CHARLOTTE\97500".LYNXSilverLineStations_pt,Name,-1,-1;ParkRide "ParkRide" true true false 50 Text 0 0 ,First,#,C:\ArcGIS\Connections\dropzone.sde\dropzone."CHARLOTTE\97500".LYNXSilverLineStations_pt,ParkRide,-1,-1;Latitude "Latitude" true true false 8 Double 8 38 ,First,#,C:\ArcGIS\Connections\dropzone.sde\dropzone."CHARLOTTE\97500".LYNXSilverLineStations_pt,Latitude,-1,-1;Longitude "Longitude" true true false 8 Double 8 38 ,First,#,C:\ArcGIS\Connections\dropzone.sde\dropzone."CHARLOTTE\97500".LYNXSilverLineStations_pt,Longitude,-1,-1;Note "Note" true true false 50 Text 0 0 ,First,#,C:\ArcGIS\Connections\dropzone.sde\dropzone."CHARLOTTE\97500".LYNXSilverLineStations_pt,Note,-1,-1;Last_Updat "Last_Updat" true true false 50 Text 0 0 ,First,#,C:\ArcGIS\Connections\dropzone.sde\dropzone."CHARLOTTE\97500".LYNXSilverLineStations_pt,Last_Updat,-1,-1;GlobalID "GlobalID" false false false 38 GlobalID 0 0 ,First,#,C:\ArcGIS\Connections\dropzone.sde\dropzone."CHARLOTTE\97500".LYNXSilverLineStations_pt,GlobalID,-1,-1" #</Process><Process ToolSource="c:\program files (x86)\arcgis\desktop10.7\ArcToolbox\Toolboxes\Data Management Tools.tbx\DeleteFeatures" Date="20210609" Time="094104">DeleteFeatures C:\ArcGIS\Connections\sdw.sde\SDW.DBO.LYNXSilverLineStations_pt</Process><Process ToolSource="c:\program files (x86)\arcgis\desktop10.7\ArcToolbox\Toolboxes\Data Management Tools.tbx\Append" Date="20210609" Time="094106">Append C:\ArcGIS\Connections\dropzone.sde\dropzone."CHARLOTTE\97500".LYNXSilverLineStations_pt C:\ArcGIS\Connections\sdw.sde\SDW.DBO.LYNXSilverLineStations_pt NO_TEST "OBJECTID "OBJECTID" true true false 4 Long 0 10 ,First,#,C:\ArcGIS\Connections\dropzone.sde\dropzone."CHARLOTTE\97500".LYNXSilverLineStations_pt,OBJECTID,-1,-1;Name "Name" true true false 254 Text 0 0 ,First,#,C:\ArcGIS\Connections\dropzone.sde\dropzone."CHARLOTTE\97500".LYNXSilverLineStations_pt,Name,-1,-1;ParkRide "ParkRide" true true false 50 Text 0 0 ,First,#,C:\ArcGIS\Connections\dropzone.sde\dropzone."CHARLOTTE\97500".LYNXSilverLineStations_pt,ParkRide,-1,-1;Latitude "Latitude" true true false 8 Double 8 38 ,First,#,C:\ArcGIS\Connections\dropzone.sde\dropzone."CHARLOTTE\97500".LYNXSilverLineStations_pt,Latitude,-1,-1;Longitude "Longitude" true true false 8 Double 8 38 ,First,#,C:\ArcGIS\Connections\dropzone.sde\dropzone."CHARLOTTE\97500".LYNXSilverLineStations_pt,Longitude,-1,-1;Note "Note" true true false 50 Text 0 0 ,First,#,C:\ArcGIS\Connections\dropzone.sde\dropzone."CHARLOTTE\97500".LYNXSilverLineStations_pt,Note,-1,-1;Last_Updat "Last_Updat" true true false 50 Text 0 0 ,First,#,C:\ArcGIS\Connections\dropzone.sde\dropzone."CHARLOTTE\97500".LYNXSilverLineStations_pt,Last_Updat,-1,-1;GlobalID "GlobalID" false false false 38 GlobalID 0 0 ,First,#,C:\ArcGIS\Connections\dropzone.sde\dropzone."CHARLOTTE\97500".LYNXSilverLineStations_pt,GlobalID,-1,-1" #</Process><Process ToolSource="c:\program files\arcgis\pro\Resources\ArcToolbox\toolboxes\Conversion Tools.tbx\FeatureClassToFeatureClass" Date="20211028" Time="115939">FeatureClassToFeatureClass sdw.DBO.LYNXSilverLineStations_pt C:\Users\97500\Desktop\temp\CATS_2030_layers_data silverLine_stations.shp # "OBJECTID "OBJECTID" true true false 4 Long 0 10,First,#,sdw.DBO.LYNXSilverLineStations_pt,OBJECTID,-1,-1;Name "Name" true true false 254 Text 0 0,First,#,sdw.DBO.LYNXSilverLineStations_pt,Name,0,254;ParkRide "ParkRide" true true false 50 Text 0 0,First,#,sdw.DBO.LYNXSilverLineStations_pt,ParkRide,0,50;Latitude "Latitude" true true false 8 Double 8 38,First,#,sdw.DBO.LYNXSilverLineStations_pt,Latitude,-1,-1;Longitude "Longitude" true true false 8 Double 8 38,First,#,sdw.DBO.LYNXSilverLineStations_pt,Longitude,-1,-1;Note "Note" true true false 50 Text 0 0,First,#,sdw.DBO.LYNXSilverLineStations_pt,Note,0,50;Last_Updat "Last_Updat" true true false 50 Text 0 0,First,#,sdw.DBO.LYNXSilverLineStations_pt,Last_Updat,0,50;GlobalID "GlobalID" false false false 38 Text 0 0,First,#,sdw.DBO.LYNXSilverLineStations_pt,GlobalID,-1,-1" #</Process></lineage><itemProps><itemName Sync="TRUE">silverLine_stations</itemName><imsContentType Sync="TRUE">002</imsContentType><itemLocation><linkage Sync="TRUE">file://\\CT-57SH273\C$\Users\97500\Desktop\temp\CATS_2030_layers_data\silverLine_stations.shp</linkage><protocol Sync="TRUE">Local Area Network</protocol></itemLocation><nativeExtBox><westBL Sync="TRUE">1393378.566481</westBL><eastBL Sync="TRUE">1492477.125231</eastBL><southBL Sync="TRUE">496758.294606</southBL><northBL Sync="TRUE">553115.944606</northBL><exTypeCode Sync="TRUE">1</exTypeCode></nativeExtBox><itemSize Sync="TRUE">0.000</itemSize></itemProps><coordRef><type Sync="TRUE">Projected</type><geogcsn Sync="TRUE">GCS_North_American_1983</geogcsn><csUnits Sync="TRUE">Linear Unit: Foot_US (0.304801)</csUnits><projcsn Sync="TRUE">NAD_1983_StatePlane_North_Carolina_FIPS_3200_Feet</projcsn><peXml Sync="TRUE">&lt;ProjectedCoordinateSystem xsi:type='typens:ProjectedCoordinateSystem' xmlns:xsi='http://www.w3.org/2001/XMLSchema-instance' xmlns:xs='http://www.w3.org/2001/XMLSchema' xmlns:typens='http://www.esri.com/schemas/ArcGIS/2.8.0'&gt;&lt;WKT&gt;PROJCS[&amp;quot;NAD_1983_StatePlane_North_Carolina_FIPS_3200_Feet&amp;quot;,GEOGCS[&amp;quot;GCS_North_American_1983&amp;quot;,DATUM[&amp;quot;D_North_American_1983&amp;quot;,SPHEROID[&amp;quot;GRS_1980&amp;quot;,6378137.0,298.257222101]],PRIMEM[&amp;quot;Greenwich&amp;quot;,0.0],UNIT[&amp;quot;Degree&amp;quot;,0.0174532925199433]],PROJECTION[&amp;quot;Lambert_Conformal_Conic&amp;quot;],PARAMETER[&amp;quot;False_Easting&amp;quot;,2000000.002616666],PARAMETER[&amp;quot;False_Northing&amp;quot;,0.0],PARAMETER[&amp;quot;Central_Meridian&amp;quot;,-79.0],PARAMETER[&amp;quot;Standard_Parallel_1&amp;quot;,34.33333333333334],PARAMETER[&amp;quot;Standard_Parallel_2&amp;quot;,36.16666666666666],PARAMETER[&amp;quot;Latitude_Of_Origin&amp;quot;,33.75],UNIT[&amp;quot;Foot_US&amp;quot;,0.3048006096012192],AUTHORITY[&amp;quot;EPSG&amp;quot;,2264]]&lt;/WKT&gt;&lt;XOrigin&gt;-121841900&lt;/XOrigin&gt;&lt;YOrigin&gt;-93659000&lt;/YOrigin&gt;&lt;XYScale&gt;36365718.124241434&lt;/XYScale&gt;&lt;ZOrigin&gt;-100000&lt;/ZOrigin&gt;&lt;ZScale&gt;10000&lt;/ZScale&gt;&lt;MOrigin&gt;-100000&lt;/MOrigin&gt;&lt;MScale&gt;10000&lt;/MScale&gt;&lt;XYTolerance&gt;0.0032808333333333331&lt;/XYTolerance&gt;&lt;ZTolerance&gt;0.001&lt;/ZTolerance&gt;&lt;MTolerance&gt;0.001&lt;/MTolerance&gt;&lt;HighPrecision&gt;true&lt;/HighPrecision&gt;&lt;WKID&gt;102719&lt;/WKID&gt;&lt;LatestWKID&gt;2264&lt;/LatestWKID&gt;&lt;/ProjectedCoordinateSystem&gt;</peXml></coordRef></DataProperties><SyncDate>20211028</SyncDate><SyncTime>11593800</SyncTime><ModDate>20211028</ModDate><ModTime>11593800</ModTime><scaleRange><minScale>150000000</minScale><maxScale>5000</maxScale></scaleRange><ArcGISProfile>ISO19139</ArcGISProfile></Esri><dataIdInfo><envirDesc Sync="TRUE">Microsoft Windows 10 Version 10.0 (Build 19042) ; Esri ArcGIS 12.8.0.29751</envirDesc><dataLang><languageCode value="eng" Sync="TRUE"/><countryCode value="USA" Sync="TRUE"/></dataLang><idCitation><resTitle Sync="FALSE">LYNX Silver Line Stops Proposed</resTitle><presForm><PresFormCd value="005" Sync="TRUE"/></presForm></idCitation><spatRpType><SpatRepTypCd value="001" Sync="TRUE"/></spatRpType><dataExt><vertEle><vertMinVal Sync="TRUE">0.000000</vertMinVal><vertMaxVal Sync="TRUE">0.000000</vertMaxVal></vertEle></dataExt><dataExt><geoEle xmlns=""><GeoBndBox esriExtentType="search"><exTypeCode Sync="TRUE">1</exTypeCode><westBL Sync="TRUE">-81.032106</westBL><eastBL Sync="TRUE">-80.696982</eastBL><northBL Sync="TRUE">35.257846</northBL><southBL Sync="TRUE">35.097907</southBL></GeoBndBox></geoEle></dataExt><idPurp>The purpose of this file is to show the future locations of the Silverline stations that CATS has both approved and are considering (Updated 02/14/2017)</idPurp><idAbs>&lt;DIV STYLE="text-align:Left;"&gt;&lt;DIV&gt;&lt;DIV&gt;&lt;P&gt;&lt;SPAN&gt;The purpose of this file is to show the future locations of the Silverline stations that CATS has both approved and are considering. The file highlights the proposed name, whether or not it is currently planned to have a park and ride, notes about the status of design, and the last time the feature was updated.&lt;/SPAN&gt;&lt;/P&gt;&lt;/DIV&gt;&lt;/DIV&gt;&lt;/DIV&gt;</idAbs><searchKeys><keyword>CATS</keyword><keyword>LYNX</keyword><keyword>Transit</keyword><keyword>Light Rail</keyword><keyword>Silverline</keyword><keyword>planning</keyword><keyword>stations</keyword></searchKeys><idCredit>Charlotte Area Transit System</idCredit></dataIdInfo><mdLang><languageCode value="eng" Sync="TRUE"/><countryCode value="USA" Sync="TRUE"/></mdLang><distInfo><distFormat><formatName Sync="TRUE">Shapefile</formatName></distFormat><distTranOps><transSize Sync="TRUE">0.000</transSize></distTranOps></distInfo><mdHrLv><ScopeCd value="005" Sync="TRUE"/></mdHrLv><mdHrLvName Sync="TRUE">dataset</mdHrLvName><refSysInfo><RefSystem><refSysID><identCode code="2264" Sync="TRUE"/><idCodeSpace Sync="TRUE">EPSG</idCodeSpace><idVersion Sync="TRUE">6.12(9.0.0)</idVersion></refSysID></RefSystem></refSysInfo><spatRepInfo><VectSpatRep><geometObjs Name="silverLine_stations"><geoObjTyp><GeoObjTypCd value="004" Sync="TRUE"></GeoObjTypCd></geoObjTyp><geoObjCnt Sync="TRUE">0</geoObjCnt></geometObjs><topLvl><TopoLevCd value="001" Sync="TRUE"></TopoLevCd></topLvl></VectSpatRep></spatRepInfo><spdoinfo><ptvctinf><esriterm Name="silverLine_stations"><efeatyp Sync="TRUE">Simple</efeatyp><efeageom code="1" Sync="TRUE"></efeageom><esritopo Sync="TRUE">FALSE</esritopo><efeacnt Sync="TRUE">0</efeacnt><spindex Sync="TRUE">FALSE</spindex><linrefer Sync="TRUE">TRUE</linrefer></esriterm></ptvctinf></spdoinfo><eainfo><detailed Name="silverLine_stations"><enttyp><enttypl Sync="TRUE">silverLine_stations</enttypl><enttypt Sync="TRUE">Feature Class</enttypt><enttypc Sync="TRUE">0</enttypc></enttyp><attr><attrlabl Sync="TRUE">FID</attrlabl><attalias Sync="TRUE">FID</attalias><attrtype Sync="TRUE">OID</attrtype><attwidth Sync="TRUE">4</attwidth><atprecis Sync="TRUE">0</atprecis><attscale Sync="TRUE">0</attscale><attrdef Sync="TRUE">Internal feature number.</attrdef><attrdefs Sync="TRUE">Esri</attrdefs><attrdomv><udom Sync="TRUE">Sequential unique whole numbers that are automatically generated.</udom></attrdomv></attr><attr><attrlabl Sync="TRUE">OBJECTID</attrlabl><attalias Sync="TRUE">OBJECTID</attalias><attrtype Sync="TRUE">Integer</attrtype><attwidth Sync="TRUE">10</attwidth><atprecis Sync="TRUE">10</atprecis><attscale Sync="TRUE">0</attscale></attr><attr><attrlabl Sync="TRUE">Name</attrlabl><attalias Sync="TRUE">Name</attalias><attrtype Sync="TRUE">String</attrtype><attwidth Sync="TRUE">254</attwidth><atprecis Sync="TRUE">0</atprecis><attscale Sync="TRUE">0</attscale></attr><attr><attrlabl Sync="TRUE">ParkRide</attrlabl><attalias Sync="TRUE">ParkRide</attalias><attrtype Sync="TRUE">String</attrtype><attwidth Sync="TRUE">50</attwidth><atprecis Sync="TRUE">0</atprecis><attscale Sync="TRUE">0</attscale></attr><attr><attrlabl Sync="TRUE">Latitude</attrlabl><attalias Sync="TRUE">Latitude</attalias><attrtype Sync="TRUE">Double</attrtype><attwidth Sync="TRUE">19</attwidth><atprecis Sync="TRUE">18</atprecis><attscale Sync="TRUE">8</attscale></attr><attr><attrlabl Sync="TRUE">Longitude</attrlabl><attalias Sync="TRUE">Longitude</attalias><attrtype Sync="TRUE">Double</attrtype><attwidth Sync="TRUE">19</attwidth><atprecis Sync="TRUE">18</atprecis><attscale Sync="TRUE">8</attscale></attr><attr><attrlabl Sync="TRUE">Note</attrlabl><attalias Sync="TRUE">Note</attalias><attrtype Sync="TRUE">String</attrtype><attwidth Sync="TRUE">50</attwidth><atprecis Sync="TRUE">0</atprecis><attscale Sync="TRUE">0</attscale></attr><attr><attrlabl Sync="TRUE">Last_Updat</attrlabl><attalias Sync="TRUE">Last_Updat</attalias><attrtype Sync="TRUE">String</attrtype><attwidth Sync="TRUE">50</attwidth><atprecis Sync="TRUE">0</atprecis><attscale Sync="TRUE">0</attscale></attr><attr><attrlabl Sync="TRUE">Shape</attrlabl><attalias Sync="TRUE">Shape</attalias><attrtype Sync="TRUE">Geometry</attrtype><attwidth Sync="TRUE">0</attwidth><atprecis Sync="TRUE">0</atprecis><attscale Sync="TRUE">0</attscale><attrdef Sync="TRUE">Feature geometry.</attrdef><attrdefs Sync="TRUE">Esri</attrdefs><attrdomv><udom Sync="TRUE">Coordinates defining the features.</udom></attrdomv></attr><attr><attrlabl Sync="TRUE">GlobalID</attrlabl><attalias Sync="TRUE">GlobalID</attalias><attrtype Sync="TRUE">String</attrtype><attwidth Sync="TRUE">38</attwidth><atprecis Sync="TRUE">0</atprecis><attscale Sync="TRUE">0</attscale></attr></detailed></eainfo><mdDateSt Sync="TRUE">20211028</mdDateSt></metadata>
